"fecha","nombre_provincia_indec","tipo_vehiculo","cantidad"
"2014-01-01",CABA,auto,15737
"2014-02-01",CABA,auto,9521
"2014-03-01",CABA,auto,8638
"2014-04-01",CABA,auto,8369
"2014-05-01",CABA,auto,9189
"2014-06-01",CABA,auto,8687
"2014-07-01",CABA,auto,9577
"2014-08-01",CABA,auto,8805
"2014-09-01",CABA,auto,9712
"2014-10-01",CABA,auto,8826
"2014-11-01",CABA,auto,6905
"2014-12-01",CABA,auto,5843
"2015-01-01",CABA,auto,9325
"2015-02-01",CABA,auto,6727
"2015-03-01",CABA,auto,7381
"2015-04-01",CABA,auto,8380
"2015-05-01",CABA,auto,7488
"2015-06-01",CABA,auto,9005
"2015-07-01",CABA,auto,9196
"2015-08-01",CABA,auto,8495
"2015-09-01",CABA,auto,9585
"2015-10-01",CABA,auto,8837
"2015-11-01",CABA,auto,8156
"2015-12-01",CABA,auto,5489
"2016-01-01",CABA,auto,8163
"2016-02-01",CABA,auto,6457
"2016-03-01",CABA,auto,7880
"2016-04-01",CABA,auto,8664
"2016-05-01",CABA,auto,8883
"2016-06-01",CABA,auto,8065
"2016-07-01",CABA,auto,9479
"2016-08-01",CABA,auto,10623
"2016-09-01",CABA,auto,10762
"2016-10-01",CABA,auto,10101
"2016-11-01",CABA,auto,9859
"2016-12-01",CABA,auto,7302
"2017-01-01",CABA,auto,13411
"2017-02-01",CABA,auto,9093
"2017-03-01",CABA,auto,11739
"2017-04-01",CABA,auto,9985
"2017-05-01",CABA,auto,11579
"2017-06-01",CABA,auto,12106
"2017-07-01",CABA,auto,11992
"2017-08-01",CABA,auto,13153
"2017-09-01",CABA,auto,11845
"2017-10-01",CABA,auto,12192
"2017-11-01",CABA,auto,11754
"2017-12-01",CABA,auto,8672
"2018-01-01",CABA,auto,16191
"2018-02-01",CABA,auto,10484
"2018-03-01",CABA,auto,12846
"2018-04-01",CABA,auto,11929
"2018-05-01",CABA,auto,12934
"2018-06-01",CABA,auto,10382
"2018-07-01",CABA,auto,11140
"2018-08-01",CABA,auto,10713
"2018-09-01",CABA,auto,9558
"2018-10-01",CABA,auto,9105
"2018-11-01",CABA,auto,7708
"2018-12-01",CABA,auto,5878
"2019-01-01",CABA,auto,9721
"2019-02-01",CABA,auto,7018
"2019-03-01",CABA,auto,6756
"2019-04-01",CABA,auto,6618
"2019-05-01",CABA,auto,6546
"2019-06-01",CABA,auto,6261
"2019-07-01",CABA,auto,8863
"2019-08-01",CABA,auto,7671
"2019-09-01",CABA,auto,6641
"2019-10-01",CABA,auto,5750
"2019-11-01",CABA,auto,5192
"2019-12-01",CABA,auto,4703
"2020-01-01",CABA,auto,8007
"2020-02-01",CABA,auto,4831
"2020-03-01",CABA,auto,3294
"2020-04-01",CABA,auto,540
"2020-05-01",CABA,auto,3198
"2020-06-01",CABA,auto,6675
"2020-07-01",CABA,auto,4795
"2020-08-01",CABA,auto,5148
"2020-09-01",CABA,auto,5857
"2020-10-01",CABA,auto,6349
"2020-11-01",CABA,auto,6395
"2020-12-01",CABA,auto,4177
"2021-01-01",CABA,auto,8519
"2021-02-01",CABA,auto,5621
"2021-03-01",CABA,auto,6567
"2021-04-01",CABA,auto,6026
"2021-05-01",CABA,auto,4286
"2021-06-01",CABA,auto,7112
"2021-07-01",CABA,auto,6133
"2021-08-01",CABA,auto,5804
"2021-09-01",CABA,auto,6060
"2021-10-01",CABA,auto,5702
"2021-11-01",CABA,auto,5716
"2021-12-01",CABA,auto,4094
"2022-01-01",CABA,auto,7982
"2022-02-01",CABA,auto,5543
"2022-03-01",CABA,auto,6128
"2022-04-01",CABA,auto,5981
"2022-05-01",CABA,auto,6853
"2022-06-01",CABA,auto,6715
"2022-07-01",CABA,auto,7946
"2022-08-01",CABA,auto,7803
"2022-09-01",CABA,auto,7058
"2022-10-01",CABA,auto,6523
"2022-11-01",CABA,auto,6968
"2022-12-01",CABA,auto,4349
"2023-01-01",CABA,auto,9298
"2023-02-01",CABA,auto,5616
"2023-03-01",CABA,auto,7709
"2023-04-01",CABA,auto,6719
"2023-05-01",CABA,auto,8280
"2023-06-01",CABA,auto,8236
"2023-07-01",CABA,auto,8568
"2023-08-01",CABA,auto,7499
"2023-09-01",CABA,auto,6171
"2023-10-01",CABA,auto,8184
"2023-11-01",CABA,auto,7646
"2023-12-01",CABA,auto,4085
"2014-01-01",CABA,moto,2333
"2014-02-01",CABA,moto,1457
"2014-03-01",CABA,moto,1289
"2014-04-01",CABA,moto,1380
"2014-05-01",CABA,moto,1309
"2014-06-01",CABA,moto,1237
"2014-07-01",CABA,moto,1546
"2014-08-01",CABA,moto,1581
"2014-09-01",CABA,moto,1871
"2014-10-01",CABA,moto,1737
"2014-11-01",CABA,moto,1391
"2014-12-01",CABA,moto,1258
"2015-01-01",CABA,moto,1546
"2015-02-01",CABA,moto,1321
"2015-03-01",CABA,moto,1666
"2015-04-01",CABA,moto,1654
"2015-05-01",CABA,moto,1435
"2015-06-01",CABA,moto,1363
"2015-07-01",CABA,moto,1473
"2015-08-01",CABA,moto,1512
"2015-09-01",CABA,moto,1714
"2015-10-01",CABA,moto,1750
"2015-11-01",CABA,moto,1801
"2015-12-01",CABA,moto,1729
"2016-01-01",CABA,moto,1435
"2016-02-01",CABA,moto,1277
"2016-03-01",CABA,moto,1559
"2016-04-01",CABA,moto,1599
"2016-05-01",CABA,moto,1485
"2016-06-01",CABA,moto,1170
"2016-07-01",CABA,moto,1373
"2016-08-01",CABA,moto,1769
"2016-09-01",CABA,moto,1782
"2016-10-01",CABA,moto,1708
"2016-11-01",CABA,moto,1866
"2016-12-01",CABA,moto,1778
"2017-01-01",CABA,moto,2363
"2017-02-01",CABA,moto,1687
"2017-03-01",CABA,moto,2218
"2017-04-01",CABA,moto,2010
"2017-05-01",CABA,moto,2064
"2017-06-01",CABA,moto,1654
"2017-07-01",CABA,moto,1703
"2017-08-01",CABA,moto,2119
"2017-09-01",CABA,moto,2219
"2017-10-01",CABA,moto,2145
"2017-11-01",CABA,moto,2320
"2017-12-01",CABA,moto,1990
"2018-01-01",CABA,moto,2573
"2018-02-01",CABA,moto,1864
"2018-03-01",CABA,moto,2315
"2018-04-01",CABA,moto,2060
"2018-05-01",CABA,moto,2267
"2018-06-01",CABA,moto,1579
"2018-07-01",CABA,moto,1739
"2018-08-01",CABA,moto,1871
"2018-09-01",CABA,moto,2119
"2018-10-01",CABA,moto,1967
"2018-11-01",CABA,moto,1651
"2018-12-01",CABA,moto,1247
"2019-01-01",CABA,moto,1944
"2019-02-01",CABA,moto,1439
"2019-03-01",CABA,moto,1530
"2019-04-01",CABA,moto,1524
"2019-05-01",CABA,moto,1380
"2019-06-01",CABA,moto,1148
"2019-07-01",CABA,moto,1740
"2019-08-01",CABA,moto,1587
"2019-09-01",CABA,moto,1146
"2019-10-01",CABA,moto,1638
"2019-11-01",CABA,moto,1281
"2019-12-01",CABA,moto,1155
"2020-01-01",CABA,moto,1529
"2020-02-01",CABA,moto,1182
"2020-03-01",CABA,moto,989
"2020-04-01",CABA,moto,352
"2020-05-01",CABA,moto,1215
"2020-06-01",CABA,moto,1798
"2020-07-01",CABA,moto,1352
"2020-08-01",CABA,moto,1841
"2020-09-01",CABA,moto,1902
"2020-10-01",CABA,moto,1822
"2020-11-01",CABA,moto,1581
"2020-12-01",CABA,moto,1182
"2021-01-01",CABA,moto,1480
"2021-02-01",CABA,moto,1194
"2021-03-01",CABA,moto,1671
"2021-04-01",CABA,moto,1435
"2021-05-01",CABA,moto,1133
"2021-06-01",CABA,moto,1776
"2021-07-01",CABA,moto,1663
"2021-08-01",CABA,moto,1843
"2021-09-01",CABA,moto,1858
"2021-10-01",CABA,moto,1805
"2021-11-01",CABA,moto,1757
"2021-12-01",CABA,moto,1357
"2022-01-01",CABA,moto,1418
"2022-02-01",CABA,moto,1456
"2022-03-01",CABA,moto,1733
"2022-04-01",CABA,moto,1763
"2022-05-01",CABA,moto,1949
"2022-06-01",CABA,moto,1641
"2022-07-01",CABA,moto,1626
"2022-08-01",CABA,moto,1784
"2022-09-01",CABA,moto,1507
"2022-10-01",CABA,moto,1414
"2022-11-01",CABA,moto,1662
"2022-12-01",CABA,moto,1274
"2023-01-01",CABA,moto,1960
"2023-02-01",CABA,moto,1448
"2023-03-01",CABA,moto,1852
"2023-04-01",CABA,moto,1765
"2023-05-01",CABA,moto,1995
"2023-06-01",CABA,moto,1644
"2023-07-01",CABA,moto,1795
"2023-08-01",CABA,moto,2042
"2023-09-01",CABA,moto,1756
"2023-10-01",CABA,moto,2144
"2023-11-01",CABA,moto,1927
"2023-12-01",CABA,moto,1618
"2024-01-01",CABA,moto,1560
"2024-01-01",CABA,auto,6052
"2024-02-01",CABA,moto,1360
"2024-02-01",CABA,auto,4680
"2024-03-01",CABA,moto,1238
"2024-03-01",CABA,auto,4857
"2024-04-01",CABA,moto,1529
"2024-04-01",CABA,auto,6410
"2024-05-01",CABA,auto,6679
"2024-05-01",CABA,moto,1573
"2024-06-01",CABA,moto,1248
"2024-06-01",CABA,auto,5771
"2024-07-01",CABA,auto,7865
"2024-07-01",CABA,moto,1265
"2024-08-01",CABA,moto,2111
"2024-08-01",CABA,auto,7918
"2024-09-01",CABA,moto,1002
"2024-09-01",CABA,auto,8443
"2014-01-01",Buenos Aires,auto,35306
"2014-02-01",Buenos Aires,auto,19362
"2014-03-01",Buenos Aires,auto,16892
"2014-04-01",Buenos Aires,auto,17525
"2014-05-01",Buenos Aires,auto,18310
"2014-06-01",Buenos Aires,auto,16704
"2014-07-01",Buenos Aires,auto,19624
"2014-08-01",Buenos Aires,auto,18820
"2014-09-01",Buenos Aires,auto,18495
"2014-10-01",Buenos Aires,auto,17118
"2014-11-01",Buenos Aires,auto,12187
"2014-12-01",Buenos Aires,auto,9367
"2015-01-01",Buenos Aires,auto,20960
"2015-02-01",Buenos Aires,auto,14048
"2015-03-01",Buenos Aires,auto,15770
"2015-04-01",Buenos Aires,auto,16885
"2015-05-01",Buenos Aires,auto,15522
"2015-06-01",Buenos Aires,auto,18435
"2015-07-01",Buenos Aires,auto,20220
"2015-08-01",Buenos Aires,auto,18779
"2015-09-01",Buenos Aires,auto,22167
"2015-10-01",Buenos Aires,auto,19215
"2015-11-01",Buenos Aires,auto,16987
"2015-12-01",Buenos Aires,auto,10320
"2016-01-01",Buenos Aires,auto,18239
"2016-02-01",Buenos Aires,auto,15833
"2016-03-01",Buenos Aires,auto,18699
"2016-04-01",Buenos Aires,auto,20078
"2016-05-01",Buenos Aires,auto,19690
"2016-06-01",Buenos Aires,auto,17792
"2016-07-01",Buenos Aires,auto,20592
"2016-08-01",Buenos Aires,auto,23795
"2016-09-01",Buenos Aires,auto,23298
"2016-10-01",Buenos Aires,auto,21149
"2016-11-01",Buenos Aires,auto,19958
"2016-12-01",Buenos Aires,auto,14071
"2017-01-01",Buenos Aires,auto,30281
"2017-02-01",Buenos Aires,auto,18713
"2017-03-01",Buenos Aires,auto,25141
"2017-04-01",Buenos Aires,auto,21094
"2017-05-01",Buenos Aires,auto,24851
"2017-06-01",Buenos Aires,auto,24922
"2017-07-01",Buenos Aires,auto,25622
"2017-08-01",Buenos Aires,auto,27989
"2017-09-01",Buenos Aires,auto,25658
"2017-10-01",Buenos Aires,auto,25425
"2017-11-01",Buenos Aires,auto,23585
"2017-12-01",Buenos Aires,auto,14900
"2018-01-01",Buenos Aires,auto,38379
"2018-02-01",Buenos Aires,auto,21380
"2018-03-01",Buenos Aires,auto,26526
"2018-04-01",Buenos Aires,auto,23350
"2018-05-01",Buenos Aires,auto,24683
"2018-06-01",Buenos Aires,auto,18958
"2018-07-01",Buenos Aires,auto,19533
"2018-08-01",Buenos Aires,auto,19505
"2018-09-01",Buenos Aires,auto,15403
"2018-10-01",Buenos Aires,auto,14116
"2018-11-01",Buenos Aires,auto,11480
"2018-12-01",Buenos Aires,auto,8481
"2019-01-01",Buenos Aires,auto,18450
"2019-02-01",Buenos Aires,auto,11628
"2019-03-01",Buenos Aires,auto,11429
"2019-04-01",Buenos Aires,auto,10827
"2019-05-01",Buenos Aires,auto,10610
"2019-06-01",Buenos Aires,auto,10677
"2019-07-01",Buenos Aires,auto,14799
"2019-08-01",Buenos Aires,auto,12511
"2019-09-01",Buenos Aires,auto,10317
"2019-10-01",Buenos Aires,auto,9486
"2019-11-01",Buenos Aires,auto,7219
"2019-12-01",Buenos Aires,auto,6096
"2020-01-01",Buenos Aires,auto,12858
"2020-02-01",Buenos Aires,auto,8104
"2020-03-01",Buenos Aires,auto,5431
"2020-04-01",Buenos Aires,auto,1156
"2020-05-01",Buenos Aires,auto,5864
"2020-06-01",Buenos Aires,auto,10211
"2020-07-01",Buenos Aires,auto,8362
"2020-08-01",Buenos Aires,auto,8677
"2020-09-01",Buenos Aires,auto,10654
"2020-10-01",Buenos Aires,auto,11237
"2020-11-01",Buenos Aires,auto,10094
"2020-12-01",Buenos Aires,auto,6271
"2021-01-01",Buenos Aires,auto,14411
"2021-02-01",Buenos Aires,auto,8562
"2021-03-01",Buenos Aires,auto,10527
"2021-04-01",Buenos Aires,auto,9289
"2021-05-01",Buenos Aires,auto,6425
"2021-06-01",Buenos Aires,auto,10712
"2021-07-01",Buenos Aires,auto,9081
"2021-08-01",Buenos Aires,auto,8781
"2021-09-01",Buenos Aires,auto,8881
"2021-10-01",Buenos Aires,auto,7590
"2021-11-01",Buenos Aires,auto,7991
"2021-12-01",Buenos Aires,auto,4788
"2022-01-01",Buenos Aires,auto,12128
"2022-02-01",Buenos Aires,auto,8224
"2022-03-01",Buenos Aires,auto,9918
"2022-04-01",Buenos Aires,auto,8899
"2022-05-01",Buenos Aires,auto,9675
"2022-06-01",Buenos Aires,auto,9745
"2022-07-01",Buenos Aires,auto,10864
"2022-08-01",Buenos Aires,auto,10434
"2022-09-01",Buenos Aires,auto,9443
"2022-10-01",Buenos Aires,auto,8779
"2022-11-01",Buenos Aires,auto,9431
"2022-12-01",Buenos Aires,auto,5431
"2023-01-01",Buenos Aires,auto,14373
"2023-02-01",Buenos Aires,auto,8830
"2023-03-01",Buenos Aires,auto,11349
"2023-04-01",Buenos Aires,auto,9872
"2023-05-01",Buenos Aires,auto,11236
"2023-06-01",Buenos Aires,auto,11316
"2023-07-01",Buenos Aires,auto,12730
"2023-08-01",Buenos Aires,auto,11333
"2023-09-01",Buenos Aires,auto,9968
"2023-10-01",Buenos Aires,auto,12272
"2023-11-01",Buenos Aires,auto,9990
"2023-12-01",Buenos Aires,auto,5572
"2014-01-01",Buenos Aires,moto,21452
"2014-02-01",Buenos Aires,moto,10639
"2014-03-01",Buenos Aires,moto,9163
"2014-04-01",Buenos Aires,moto,9128
"2014-05-01",Buenos Aires,moto,8520
"2014-06-01",Buenos Aires,moto,7512
"2014-07-01",Buenos Aires,moto,9777
"2014-08-01",Buenos Aires,moto,10693
"2014-09-01",Buenos Aires,moto,12324
"2014-10-01",Buenos Aires,moto,11948
"2014-11-01",Buenos Aires,moto,9128
"2014-12-01",Buenos Aires,moto,8899
"2015-01-01",Buenos Aires,moto,12791
"2015-02-01",Buenos Aires,moto,10370
"2015-03-01",Buenos Aires,moto,12440
"2015-04-01",Buenos Aires,moto,11791
"2015-05-01",Buenos Aires,moto,9239
"2015-06-01",Buenos Aires,moto,9194
"2015-07-01",Buenos Aires,moto,10101
"2015-08-01",Buenos Aires,moto,9772
"2015-09-01",Buenos Aires,moto,12659
"2015-10-01",Buenos Aires,moto,12173
"2015-11-01",Buenos Aires,moto,12301
"2015-12-01",Buenos Aires,moto,10559
"2016-01-01",Buenos Aires,moto,11902
"2016-02-01",Buenos Aires,moto,10167
"2016-03-01",Buenos Aires,moto,12040
"2016-04-01",Buenos Aires,moto,9965
"2016-05-01",Buenos Aires,moto,9245
"2016-06-01",Buenos Aires,moto,7512
"2016-07-01",Buenos Aires,moto,9350
"2016-08-01",Buenos Aires,moto,12166
"2016-09-01",Buenos Aires,moto,12597
"2016-10-01",Buenos Aires,moto,12492
"2016-11-01",Buenos Aires,moto,14091
"2016-12-01",Buenos Aires,moto,13761
"2017-01-01",Buenos Aires,moto,20183
"2017-02-01",Buenos Aires,moto,14968
"2017-03-01",Buenos Aires,moto,18784
"2017-04-01",Buenos Aires,moto,13748
"2017-05-01",Buenos Aires,moto,13847
"2017-06-01",Buenos Aires,moto,11390
"2017-07-01",Buenos Aires,moto,12992
"2017-08-01",Buenos Aires,moto,15480
"2017-09-01",Buenos Aires,moto,16024
"2017-10-01",Buenos Aires,moto,18259
"2017-11-01",Buenos Aires,moto,18332
"2017-12-01",Buenos Aires,moto,15103
"2018-01-01",Buenos Aires,moto,22292
"2018-02-01",Buenos Aires,moto,16669
"2018-03-01",Buenos Aires,moto,19160
"2018-04-01",Buenos Aires,moto,15435
"2018-05-01",Buenos Aires,moto,12888
"2018-06-01",Buenos Aires,moto,8799
"2018-07-01",Buenos Aires,moto,9773
"2018-08-01",Buenos Aires,moto,10109
"2018-09-01",Buenos Aires,moto,9666
"2018-10-01",Buenos Aires,moto,10279
"2018-11-01",Buenos Aires,moto,8397
"2018-12-01",Buenos Aires,moto,7171
"2019-01-01",Buenos Aires,moto,12112
"2019-02-01",Buenos Aires,moto,9182
"2019-03-01",Buenos Aires,moto,8824
"2019-04-01",Buenos Aires,moto,7667
"2019-05-01",Buenos Aires,moto,6493
"2019-06-01",Buenos Aires,moto,5327
"2019-07-01",Buenos Aires,moto,8910
"2019-08-01",Buenos Aires,moto,7767
"2019-09-01",Buenos Aires,moto,5262
"2019-10-01",Buenos Aires,moto,6872
"2019-11-01",Buenos Aires,moto,5464
"2019-12-01",Buenos Aires,moto,5040
"2020-01-01",Buenos Aires,moto,7973
"2020-02-01",Buenos Aires,moto,6374
"2020-03-01",Buenos Aires,moto,5448
"2020-04-01",Buenos Aires,moto,1175
"2020-05-01",Buenos Aires,moto,4651
"2020-06-01",Buenos Aires,moto,6231
"2020-07-01",Buenos Aires,moto,6177
"2020-08-01",Buenos Aires,moto,7400
"2020-09-01",Buenos Aires,moto,8342
"2020-10-01",Buenos Aires,moto,8515
"2020-11-01",Buenos Aires,moto,7209
"2020-12-01",Buenos Aires,moto,6254
"2021-01-01",Buenos Aires,moto,8929
"2021-02-01",Buenos Aires,moto,7630
"2021-03-01",Buenos Aires,moto,10402
"2021-04-01",Buenos Aires,moto,8785
"2021-05-01",Buenos Aires,moto,6192
"2021-06-01",Buenos Aires,moto,9127
"2021-07-01",Buenos Aires,moto,9945
"2021-08-01",Buenos Aires,moto,10807
"2021-09-01",Buenos Aires,moto,12563
"2021-10-01",Buenos Aires,moto,11288
"2021-11-01",Buenos Aires,moto,11408
"2021-12-01",Buenos Aires,moto,9629
"2022-01-01",Buenos Aires,moto,11454
"2022-02-01",Buenos Aires,moto,11219
"2022-03-01",Buenos Aires,moto,14179
"2022-04-01",Buenos Aires,moto,13071
"2022-05-01",Buenos Aires,moto,13038
"2022-06-01",Buenos Aires,moto,11232
"2022-07-01",Buenos Aires,moto,11284
"2022-08-01",Buenos Aires,moto,11108
"2022-09-01",Buenos Aires,moto,11263
"2022-10-01",Buenos Aires,moto,10840
"2022-11-01",Buenos Aires,moto,11880
"2022-12-01",Buenos Aires,moto,10003
"2023-01-01",Buenos Aires,moto,15350
"2023-02-01",Buenos Aires,moto,12584
"2023-03-01",Buenos Aires,moto,16141
"2023-04-01",Buenos Aires,moto,13095
"2023-05-01",Buenos Aires,moto,12490
"2023-06-01",Buenos Aires,moto,10677
"2023-07-01",Buenos Aires,moto,12577
"2023-08-01",Buenos Aires,moto,13779
"2023-09-01",Buenos Aires,moto,11926
"2023-10-01",Buenos Aires,moto,14820
"2023-11-01",Buenos Aires,moto,14545
"2023-12-01",Buenos Aires,moto,11192
"2024-01-01",Buenos Aires,auto,10237
"2024-01-01",Buenos Aires,moto,12350
"2024-02-01",Buenos Aires,moto,11438
"2024-02-01",Buenos Aires,auto,7366
"2024-03-01",Buenos Aires,moto,9786
"2024-03-01",Buenos Aires,auto,7204
"2024-04-01",Buenos Aires,moto,13029
"2024-04-01",Buenos Aires,auto,9572
"2024-05-01",Buenos Aires,auto,9722
"2024-05-01",Buenos Aires,moto,12476
"2024-06-01",Buenos Aires,moto,11165
"2024-06-01",Buenos Aires,auto,8841
"2024-07-01",Buenos Aires,auto,12297
"2024-07-01",Buenos Aires,moto,13284
"2024-08-01",Buenos Aires,moto,18740
"2024-08-01",Buenos Aires,auto,11810
"2024-09-01",Buenos Aires,moto,13478
"2024-09-01",Buenos Aires,auto,11954
"2014-01-01",Catamarca,auto,1036
"2014-02-01",Catamarca,auto,426
"2014-03-01",Catamarca,auto,429
"2014-04-01",Catamarca,auto,414
"2014-05-01",Catamarca,auto,498
"2014-06-01",Catamarca,auto,451
"2014-07-01",Catamarca,auto,535
"2014-08-01",Catamarca,auto,477
"2014-09-01",Catamarca,auto,517
"2014-10-01",Catamarca,auto,439
"2014-11-01",Catamarca,auto,287
"2014-12-01",Catamarca,auto,224
"2015-01-01",Catamarca,auto,631
"2015-02-01",Catamarca,auto,394
"2015-03-01",Catamarca,auto,386
"2015-04-01",Catamarca,auto,469
"2015-05-01",Catamarca,auto,410
"2015-06-01",Catamarca,auto,527
"2015-07-01",Catamarca,auto,531
"2015-08-01",Catamarca,auto,485
"2015-09-01",Catamarca,auto,566
"2015-10-01",Catamarca,auto,583
"2015-11-01",Catamarca,auto,415
"2015-12-01",Catamarca,auto,234
"2016-01-01",Catamarca,auto,535
"2016-02-01",Catamarca,auto,464
"2016-03-01",Catamarca,auto,536
"2016-04-01",Catamarca,auto,500
"2016-05-01",Catamarca,auto,577
"2016-06-01",Catamarca,auto,476
"2016-07-01",Catamarca,auto,504
"2016-08-01",Catamarca,auto,643
"2016-09-01",Catamarca,auto,546
"2016-10-01",Catamarca,auto,506
"2016-11-01",Catamarca,auto,423
"2016-12-01",Catamarca,auto,320
"2017-01-01",Catamarca,auto,856
"2017-02-01",Catamarca,auto,476
"2017-03-01",Catamarca,auto,648
"2017-04-01",Catamarca,auto,526
"2017-05-01",Catamarca,auto,682
"2017-06-01",Catamarca,auto,611
"2017-07-01",Catamarca,auto,711
"2017-08-01",Catamarca,auto,736
"2017-09-01",Catamarca,auto,717
"2017-10-01",Catamarca,auto,646
"2017-11-01",Catamarca,auto,586
"2017-12-01",Catamarca,auto,336
"2018-01-01",Catamarca,auto,1111
"2018-02-01",Catamarca,auto,655
"2018-03-01",Catamarca,auto,714
"2018-04-01",Catamarca,auto,745
"2018-05-01",Catamarca,auto,685
"2018-06-01",Catamarca,auto,590
"2018-07-01",Catamarca,auto,638
"2018-08-01",Catamarca,auto,625
"2018-09-01",Catamarca,auto,424
"2018-10-01",Catamarca,auto,473
"2018-11-01",Catamarca,auto,324
"2018-12-01",Catamarca,auto,216
"2019-01-01",Catamarca,auto,477
"2019-02-01",Catamarca,auto,323
"2019-03-01",Catamarca,auto,326
"2019-04-01",Catamarca,auto,309
"2019-05-01",Catamarca,auto,305
"2019-06-01",Catamarca,auto,304
"2019-07-01",Catamarca,auto,361
"2019-08-01",Catamarca,auto,338
"2019-09-01",Catamarca,auto,289
"2019-10-01",Catamarca,auto,242
"2019-11-01",Catamarca,auto,218
"2019-12-01",Catamarca,auto,123
"2020-01-01",Catamarca,auto,357
"2020-02-01",Catamarca,auto,241
"2020-03-01",Catamarca,auto,121
"2020-04-01",Catamarca,auto,63
"2020-05-01",Catamarca,auto,216
"2020-06-01",Catamarca,auto,290
"2020-07-01",Catamarca,auto,265
"2020-08-01",Catamarca,auto,265
"2020-09-01",Catamarca,auto,262
"2020-10-01",Catamarca,auto,286
"2020-11-01",Catamarca,auto,266
"2020-12-01",Catamarca,auto,123
"2021-01-01",Catamarca,auto,395
"2021-02-01",Catamarca,auto,214
"2021-03-01",Catamarca,auto,290
"2021-04-01",Catamarca,auto,284
"2021-05-01",Catamarca,auto,165
"2021-06-01",Catamarca,auto,323
"2021-07-01",Catamarca,auto,264
"2021-08-01",Catamarca,auto,269
"2021-09-01",Catamarca,auto,229
"2021-10-01",Catamarca,auto,198
"2021-11-01",Catamarca,auto,198
"2021-12-01",Catamarca,auto,105
"2022-01-01",Catamarca,auto,348
"2022-02-01",Catamarca,auto,243
"2022-03-01",Catamarca,auto,292
"2022-04-01",Catamarca,auto,275
"2022-05-01",Catamarca,auto,274
"2022-06-01",Catamarca,auto,286
"2022-07-01",Catamarca,auto,341
"2022-08-01",Catamarca,auto,332
"2022-09-01",Catamarca,auto,303
"2022-10-01",Catamarca,auto,232
"2022-11-01",Catamarca,auto,235
"2022-12-01",Catamarca,auto,159
"2023-01-01",Catamarca,auto,391
"2023-02-01",Catamarca,auto,235
"2023-03-01",Catamarca,auto,339
"2023-04-01",Catamarca,auto,310
"2023-05-01",Catamarca,auto,334
"2023-06-01",Catamarca,auto,369
"2023-07-01",Catamarca,auto,412
"2023-08-01",Catamarca,auto,311
"2023-09-01",Catamarca,auto,289
"2023-10-01",Catamarca,auto,347
"2023-11-01",Catamarca,auto,299
"2023-12-01",Catamarca,auto,136
"2014-01-01",Catamarca,moto,981
"2014-02-01",Catamarca,moto,582
"2014-03-01",Catamarca,moto,522
"2014-04-01",Catamarca,moto,439
"2014-05-01",Catamarca,moto,654
"2014-06-01",Catamarca,moto,503
"2014-07-01",Catamarca,moto,535
"2014-08-01",Catamarca,moto,470
"2014-09-01",Catamarca,moto,713
"2014-10-01",Catamarca,moto,605
"2014-11-01",Catamarca,moto,455
"2014-12-01",Catamarca,moto,537
"2015-01-01",Catamarca,moto,476
"2015-02-01",Catamarca,moto,361
"2015-03-01",Catamarca,moto,505
"2015-04-01",Catamarca,moto,636
"2015-05-01",Catamarca,moto,584
"2015-06-01",Catamarca,moto,562
"2015-07-01",Catamarca,moto,637
"2015-08-01",Catamarca,moto,661
"2015-09-01",Catamarca,moto,701
"2015-10-01",Catamarca,moto,566
"2015-11-01",Catamarca,moto,644
"2015-12-01",Catamarca,moto,611
"2016-01-01",Catamarca,moto,620
"2016-02-01",Catamarca,moto,476
"2016-03-01",Catamarca,moto,634
"2016-04-01",Catamarca,moto,597
"2016-05-01",Catamarca,moto,469
"2016-06-01",Catamarca,moto,437
"2016-07-01",Catamarca,moto,472
"2016-08-01",Catamarca,moto,557
"2016-09-01",Catamarca,moto,481
"2016-10-01",Catamarca,moto,484
"2016-11-01",Catamarca,moto,652
"2016-12-01",Catamarca,moto,646
"2017-01-01",Catamarca,moto,621
"2017-02-01",Catamarca,moto,712
"2017-03-01",Catamarca,moto,823
"2017-04-01",Catamarca,moto,939
"2017-05-01",Catamarca,moto,949
"2017-06-01",Catamarca,moto,728
"2017-07-01",Catamarca,moto,856
"2017-08-01",Catamarca,moto,923
"2017-09-01",Catamarca,moto,848
"2017-10-01",Catamarca,moto,809
"2017-11-01",Catamarca,moto,842
"2017-12-01",Catamarca,moto,794
"2018-01-01",Catamarca,moto,859
"2018-02-01",Catamarca,moto,593
"2018-03-01",Catamarca,moto,766
"2018-04-01",Catamarca,moto,950
"2018-05-01",Catamarca,moto,1006
"2018-06-01",Catamarca,moto,635
"2018-07-01",Catamarca,moto,592
"2018-08-01",Catamarca,moto,582
"2018-09-01",Catamarca,moto,525
"2018-10-01",Catamarca,moto,473
"2018-11-01",Catamarca,moto,393
"2018-12-01",Catamarca,moto,370
"2019-01-01",Catamarca,moto,493
"2019-02-01",Catamarca,moto,417
"2019-03-01",Catamarca,moto,384
"2019-04-01",Catamarca,moto,416
"2019-05-01",Catamarca,moto,336
"2019-06-01",Catamarca,moto,310
"2019-07-01",Catamarca,moto,371
"2019-08-01",Catamarca,moto,369
"2019-09-01",Catamarca,moto,316
"2019-10-01",Catamarca,moto,296
"2019-11-01",Catamarca,moto,270
"2019-12-01",Catamarca,moto,208
"2020-01-01",Catamarca,moto,251
"2020-02-01",Catamarca,moto,274
"2020-03-01",Catamarca,moto,246
"2020-04-01",Catamarca,moto,86
"2020-05-01",Catamarca,moto,211
"2020-06-01",Catamarca,moto,336
"2020-07-01",Catamarca,moto,214
"2020-08-01",Catamarca,moto,294
"2020-09-01",Catamarca,moto,493
"2020-10-01",Catamarca,moto,341
"2020-11-01",Catamarca,moto,260
"2020-12-01",Catamarca,moto,220
"2021-01-01",Catamarca,moto,293
"2021-02-01",Catamarca,moto,307
"2021-03-01",Catamarca,moto,418
"2021-04-01",Catamarca,moto,329
"2021-05-01",Catamarca,moto,233
"2021-06-01",Catamarca,moto,264
"2021-07-01",Catamarca,moto,371
"2021-08-01",Catamarca,moto,558
"2021-09-01",Catamarca,moto,504
"2021-10-01",Catamarca,moto,534
"2021-11-01",Catamarca,moto,482
"2021-12-01",Catamarca,moto,588
"2022-01-01",Catamarca,moto,454
"2022-02-01",Catamarca,moto,502
"2022-03-01",Catamarca,moto,682
"2022-04-01",Catamarca,moto,581
"2022-05-01",Catamarca,moto,647
"2022-06-01",Catamarca,moto,451
"2022-07-01",Catamarca,moto,482
"2022-08-01",Catamarca,moto,442
"2022-09-01",Catamarca,moto,443
"2022-10-01",Catamarca,moto,461
"2022-11-01",Catamarca,moto,459
"2022-12-01",Catamarca,moto,416
"2023-01-01",Catamarca,moto,363
"2023-02-01",Catamarca,moto,405
"2023-03-01",Catamarca,moto,827
"2023-04-01",Catamarca,moto,521
"2023-05-01",Catamarca,moto,593
"2023-06-01",Catamarca,moto,502
"2023-07-01",Catamarca,moto,431
"2023-08-01",Catamarca,moto,590
"2023-09-01",Catamarca,moto,577
"2023-10-01",Catamarca,moto,585
"2023-11-01",Catamarca,moto,578
"2023-12-01",Catamarca,moto,454
"2024-01-01",Catamarca,moto,371
"2024-01-01",Catamarca,auto,291
"2024-02-01",Catamarca,moto,398
"2024-02-01",Catamarca,auto,203
"2024-03-01",Catamarca,moto,396
"2024-03-01",Catamarca,auto,215
"2024-04-01",Catamarca,moto,522
"2024-04-01",Catamarca,auto,265
"2024-05-01",Catamarca,auto,277
"2024-05-01",Catamarca,moto,612
"2024-06-01",Catamarca,moto,419
"2024-06-01",Catamarca,auto,242
"2024-07-01",Catamarca,auto,320
"2024-07-01",Catamarca,moto,662
"2024-08-01",Catamarca,moto,801
"2024-08-01",Catamarca,auto,321
"2024-09-01",Catamarca,moto,641
"2024-09-01",Catamarca,auto,348
"2014-01-01",Cordoba,auto,10692
"2014-02-01",Cordoba,auto,5474
"2014-03-01",Cordoba,auto,5103
"2014-04-01",Cordoba,auto,5335
"2014-05-01",Cordoba,auto,5526
"2014-06-01",Cordoba,auto,5470
"2014-07-01",Cordoba,auto,6517
"2014-08-01",Cordoba,auto,5795
"2014-09-01",Cordoba,auto,5840
"2014-10-01",Cordoba,auto,5271
"2014-11-01",Cordoba,auto,3818
"2014-12-01",Cordoba,auto,2772
"2015-01-01",Cordoba,auto,6923
"2015-02-01",Cordoba,auto,4160
"2015-03-01",Cordoba,auto,4774
"2015-04-01",Cordoba,auto,5093
"2015-05-01",Cordoba,auto,4715
"2015-06-01",Cordoba,auto,5634
"2015-07-01",Cordoba,auto,5749
"2015-08-01",Cordoba,auto,5608
"2015-09-01",Cordoba,auto,6274
"2015-10-01",Cordoba,auto,5809
"2015-11-01",Cordoba,auto,4837
"2015-12-01",Cordoba,auto,2908
"2016-01-01",Cordoba,auto,5482
"2016-02-01",Cordoba,auto,4699
"2016-03-01",Cordoba,auto,5497
"2016-04-01",Cordoba,auto,6176
"2016-05-01",Cordoba,auto,6135
"2016-06-01",Cordoba,auto,5530
"2016-07-01",Cordoba,auto,6667
"2016-08-01",Cordoba,auto,7221
"2016-09-01",Cordoba,auto,6825
"2016-10-01",Cordoba,auto,6330
"2016-11-01",Cordoba,auto,5803
"2016-12-01",Cordoba,auto,3851
"2017-01-01",Cordoba,auto,9999
"2017-02-01",Cordoba,auto,5708
"2017-03-01",Cordoba,auto,7504
"2017-04-01",Cordoba,auto,6249
"2017-05-01",Cordoba,auto,7642
"2017-06-01",Cordoba,auto,7821
"2017-07-01",Cordoba,auto,8231
"2017-08-01",Cordoba,auto,8652
"2017-09-01",Cordoba,auto,7914
"2017-10-01",Cordoba,auto,7421
"2017-11-01",Cordoba,auto,6957
"2017-12-01",Cordoba,auto,4363
"2018-01-01",Cordoba,auto,12061
"2018-02-01",Cordoba,auto,6626
"2018-03-01",Cordoba,auto,8319
"2018-04-01",Cordoba,auto,7844
"2018-05-01",Cordoba,auto,8518
"2018-06-01",Cordoba,auto,6824
"2018-07-01",Cordoba,auto,7161
"2018-08-01",Cordoba,auto,6697
"2018-09-01",Cordoba,auto,5291
"2018-10-01",Cordoba,auto,4914
"2018-11-01",Cordoba,auto,3883
"2018-12-01",Cordoba,auto,2767
"2019-01-01",Cordoba,auto,5953
"2019-02-01",Cordoba,auto,3938
"2019-03-01",Cordoba,auto,4035
"2019-04-01",Cordoba,auto,3703
"2019-05-01",Cordoba,auto,3685
"2019-06-01",Cordoba,auto,3780
"2019-07-01",Cordoba,auto,5138
"2019-08-01",Cordoba,auto,4849
"2019-09-01",Cordoba,auto,3695
"2019-10-01",Cordoba,auto,3500
"2019-11-01",Cordoba,auto,2552
"2019-12-01",Cordoba,auto,2003
"2020-01-01",Cordoba,auto,4672
"2020-02-01",Cordoba,auto,2756
"2020-03-01",Cordoba,auto,1609
"2020-04-01",Cordoba,auto,525
"2020-05-01",Cordoba,auto,2210
"2020-06-01",Cordoba,auto,4392
"2020-07-01",Cordoba,auto,3234
"2020-08-01",Cordoba,auto,3144
"2020-09-01",Cordoba,auto,3914
"2020-10-01",Cordoba,auto,4002
"2020-11-01",Cordoba,auto,3747
"2020-12-01",Cordoba,auto,2066
"2021-01-01",Cordoba,auto,5397
"2021-02-01",Cordoba,auto,3198
"2021-03-01",Cordoba,auto,4034
"2021-04-01",Cordoba,auto,3559
"2021-05-01",Cordoba,auto,2460
"2021-06-01",Cordoba,auto,4277
"2021-07-01",Cordoba,auto,3835
"2021-08-01",Cordoba,auto,3799
"2021-09-01",Cordoba,auto,3549
"2021-10-01",Cordoba,auto,3074
"2021-11-01",Cordoba,auto,3043
"2021-12-01",Cordoba,auto,1781
"2022-01-01",Cordoba,auto,5062
"2022-02-01",Cordoba,auto,3222
"2022-03-01",Cordoba,auto,3794
"2022-04-01",Cordoba,auto,3401
"2022-05-01",Cordoba,auto,3731
"2022-06-01",Cordoba,auto,3856
"2022-07-01",Cordoba,auto,4047
"2022-08-01",Cordoba,auto,4030
"2022-09-01",Cordoba,auto,3699
"2022-10-01",Cordoba,auto,3442
"2022-11-01",Cordoba,auto,3478
"2022-12-01",Cordoba,auto,1896
"2023-01-01",Cordoba,auto,5325
"2023-02-01",Cordoba,auto,3368
"2023-03-01",Cordoba,auto,4367
"2023-04-01",Cordoba,auto,3796
"2023-05-01",Cordoba,auto,4126
"2023-06-01",Cordoba,auto,4160
"2023-07-01",Cordoba,auto,4711
"2023-08-01",Cordoba,auto,3981
"2023-09-01",Cordoba,auto,3527
"2023-10-01",Cordoba,auto,4567
"2023-11-01",Cordoba,auto,3501
"2023-12-01",Cordoba,auto,1625
"2014-01-01",Cordoba,moto,7494
"2014-02-01",Cordoba,moto,4537
"2014-03-01",Cordoba,moto,3688
"2014-04-01",Cordoba,moto,3416
"2014-05-01",Cordoba,moto,3196
"2014-06-01",Cordoba,moto,3055
"2014-07-01",Cordoba,moto,3570
"2014-08-01",Cordoba,moto,3461
"2014-09-01",Cordoba,moto,4045
"2014-10-01",Cordoba,moto,4050
"2014-11-01",Cordoba,moto,2950
"2014-12-01",Cordoba,moto,2777
"2015-01-01",Cordoba,moto,3700
"2015-02-01",Cordoba,moto,3097
"2015-03-01",Cordoba,moto,3685
"2015-04-01",Cordoba,moto,3282
"2015-05-01",Cordoba,moto,2963
"2015-06-01",Cordoba,moto,2961
"2015-07-01",Cordoba,moto,3114
"2015-08-01",Cordoba,moto,3020
"2015-09-01",Cordoba,moto,3761
"2015-10-01",Cordoba,moto,3844
"2015-11-01",Cordoba,moto,3286
"2015-12-01",Cordoba,moto,2824
"2016-01-01",Cordoba,moto,3467
"2016-02-01",Cordoba,moto,3052
"2016-03-01",Cordoba,moto,3756
"2016-04-01",Cordoba,moto,3108
"2016-05-01",Cordoba,moto,2756
"2016-06-01",Cordoba,moto,2328
"2016-07-01",Cordoba,moto,2604
"2016-08-01",Cordoba,moto,3548
"2016-09-01",Cordoba,moto,3729
"2016-10-01",Cordoba,moto,3841
"2016-11-01",Cordoba,moto,4194
"2016-12-01",Cordoba,moto,4037
"2017-01-01",Cordoba,moto,6087
"2017-02-01",Cordoba,moto,4528
"2017-03-01",Cordoba,moto,5878
"2017-04-01",Cordoba,moto,4194
"2017-05-01",Cordoba,moto,4516
"2017-06-01",Cordoba,moto,3761
"2017-07-01",Cordoba,moto,4523
"2017-08-01",Cordoba,moto,5071
"2017-09-01",Cordoba,moto,5304
"2017-10-01",Cordoba,moto,6119
"2017-11-01",Cordoba,moto,5826
"2017-12-01",Cordoba,moto,4920
"2018-01-01",Cordoba,moto,7281
"2018-02-01",Cordoba,moto,5176
"2018-03-01",Cordoba,moto,6109
"2018-04-01",Cordoba,moto,5615
"2018-05-01",Cordoba,moto,4604
"2018-06-01",Cordoba,moto,3211
"2018-07-01",Cordoba,moto,3047
"2018-08-01",Cordoba,moto,3527
"2018-09-01",Cordoba,moto,3296
"2018-10-01",Cordoba,moto,3020
"2018-11-01",Cordoba,moto,2558
"2018-12-01",Cordoba,moto,2425
"2019-01-01",Cordoba,moto,3932
"2019-02-01",Cordoba,moto,3169
"2019-03-01",Cordoba,moto,2833
"2019-04-01",Cordoba,moto,2531
"2019-05-01",Cordoba,moto,2422
"2019-06-01",Cordoba,moto,1776
"2019-07-01",Cordoba,moto,2609
"2019-08-01",Cordoba,moto,2618
"2019-09-01",Cordoba,moto,1821
"2019-10-01",Cordoba,moto,2343
"2019-11-01",Cordoba,moto,1742
"2019-12-01",Cordoba,moto,1631
"2020-01-01",Cordoba,moto,2789
"2020-02-01",Cordoba,moto,2056
"2020-03-01",Cordoba,moto,1721
"2020-04-01",Cordoba,moto,311
"2020-05-01",Cordoba,moto,1337
"2020-06-01",Cordoba,moto,2277
"2020-07-01",Cordoba,moto,2358
"2020-08-01",Cordoba,moto,2722
"2020-09-01",Cordoba,moto,2956
"2020-10-01",Cordoba,moto,2891
"2020-11-01",Cordoba,moto,2546
"2020-12-01",Cordoba,moto,2173
"2021-01-01",Cordoba,moto,3242
"2021-02-01",Cordoba,moto,2585
"2021-03-01",Cordoba,moto,3455
"2021-04-01",Cordoba,moto,2938
"2021-05-01",Cordoba,moto,2137
"2021-06-01",Cordoba,moto,3043
"2021-07-01",Cordoba,moto,3132
"2021-08-01",Cordoba,moto,3573
"2021-09-01",Cordoba,moto,4038
"2021-10-01",Cordoba,moto,3854
"2021-11-01",Cordoba,moto,3462
"2021-12-01",Cordoba,moto,3042
"2022-01-01",Cordoba,moto,3716
"2022-02-01",Cordoba,moto,3637
"2022-03-01",Cordoba,moto,4667
"2022-04-01",Cordoba,moto,4034
"2022-05-01",Cordoba,moto,3946
"2022-06-01",Cordoba,moto,3535
"2022-07-01",Cordoba,moto,3356
"2022-08-01",Cordoba,moto,3184
"2022-09-01",Cordoba,moto,3228
"2022-10-01",Cordoba,moto,3042
"2022-11-01",Cordoba,moto,3289
"2022-12-01",Cordoba,moto,2711
"2023-01-01",Cordoba,moto,4320
"2023-02-01",Cordoba,moto,3551
"2023-03-01",Cordoba,moto,4705
"2023-04-01",Cordoba,moto,3750
"2023-05-01",Cordoba,moto,3827
"2023-06-01",Cordoba,moto,3070
"2023-07-01",Cordoba,moto,3552
"2023-08-01",Cordoba,moto,4048
"2023-09-01",Cordoba,moto,3161
"2023-10-01",Cordoba,moto,4293
"2023-11-01",Cordoba,moto,3680
"2023-12-01",Cordoba,moto,3083
"2024-01-01",Cordoba,moto,3339
"2024-01-01",Cordoba,auto,3771
"2024-02-01",Cordoba,moto,3050
"2024-02-01",Cordoba,auto,2645
"2024-03-01",Cordoba,moto,2978
"2024-03-01",Cordoba,auto,2498
"2024-04-01",Cordoba,moto,3621
"2024-04-01",Cordoba,auto,3355
"2024-05-01",Cordoba,auto,3479
"2024-05-01",Cordoba,moto,3705
"2024-06-01",Cordoba,moto,3078
"2024-06-01",Cordoba,auto,2963
"2024-07-01",Cordoba,auto,4239
"2024-07-01",Cordoba,moto,4046
"2024-08-01",Cordoba,moto,4957
"2024-08-01",Cordoba,auto,4245
"2024-09-01",Cordoba,moto,3869
"2024-09-01",Cordoba,auto,4250
"2014-01-01",Corrientes,auto,2796
"2014-02-01",Corrientes,auto,1360
"2014-03-01",Corrientes,auto,1105
"2014-04-01",Corrientes,auto,1214
"2014-05-01",Corrientes,auto,1344
"2014-06-01",Corrientes,auto,1298
"2014-07-01",Corrientes,auto,1269
"2014-08-01",Corrientes,auto,1249
"2014-09-01",Corrientes,auto,1264
"2014-10-01",Corrientes,auto,1178
"2014-11-01",Corrientes,auto,816
"2014-12-01",Corrientes,auto,584
"2015-01-01",Corrientes,auto,1548
"2015-02-01",Corrientes,auto,1076
"2015-03-01",Corrientes,auto,1197
"2015-04-01",Corrientes,auto,1284
"2015-05-01",Corrientes,auto,1133
"2015-06-01",Corrientes,auto,1474
"2015-07-01",Corrientes,auto,1347
"2015-08-01",Corrientes,auto,1307
"2015-09-01",Corrientes,auto,1459
"2015-10-01",Corrientes,auto,1303
"2015-11-01",Corrientes,auto,1134
"2015-12-01",Corrientes,auto,676
"2016-01-01",Corrientes,auto,1457
"2016-02-01",Corrientes,auto,1204
"2016-03-01",Corrientes,auto,1170
"2016-04-01",Corrientes,auto,1464
"2016-05-01",Corrientes,auto,1361
"2016-06-01",Corrientes,auto,1110
"2016-07-01",Corrientes,auto,1413
"2016-08-01",Corrientes,auto,1585
"2016-09-01",Corrientes,auto,1473
"2016-10-01",Corrientes,auto,1130
"2016-11-01",Corrientes,auto,1122
"2016-12-01",Corrientes,auto,741
"2017-01-01",Corrientes,auto,2030
"2017-02-01",Corrientes,auto,1320
"2017-03-01",Corrientes,auto,1599
"2017-04-01",Corrientes,auto,1292
"2017-05-01",Corrientes,auto,1588
"2017-06-01",Corrientes,auto,1700
"2017-07-01",Corrientes,auto,1705
"2017-08-01",Corrientes,auto,1792
"2017-09-01",Corrientes,auto,1732
"2017-10-01",Corrientes,auto,1802
"2017-11-01",Corrientes,auto,1653
"2017-12-01",Corrientes,auto,949
"2018-01-01",Corrientes,auto,2896
"2018-02-01",Corrientes,auto,1664
"2018-03-01",Corrientes,auto,1879
"2018-04-01",Corrientes,auto,1730
"2018-05-01",Corrientes,auto,1881
"2018-06-01",Corrientes,auto,1408
"2018-07-01",Corrientes,auto,1540
"2018-08-01",Corrientes,auto,1550
"2018-09-01",Corrientes,auto,1126
"2018-10-01",Corrientes,auto,999
"2018-11-01",Corrientes,auto,820
"2018-12-01",Corrientes,auto,575
"2019-01-01",Corrientes,auto,1326
"2019-02-01",Corrientes,auto,877
"2019-03-01",Corrientes,auto,835
"2019-04-01",Corrientes,auto,772
"2019-05-01",Corrientes,auto,713
"2019-06-01",Corrientes,auto,783
"2019-07-01",Corrientes,auto,1039
"2019-08-01",Corrientes,auto,801
"2019-09-01",Corrientes,auto,745
"2019-10-01",Corrientes,auto,649
"2019-11-01",Corrientes,auto,497
"2019-12-01",Corrientes,auto,425
"2020-01-01",Corrientes,auto,1030
"2020-02-01",Corrientes,auto,546
"2020-03-01",Corrientes,auto,484
"2020-04-01",Corrientes,auto,128
"2020-05-01",Corrientes,auto,546
"2020-06-01",Corrientes,auto,745
"2020-07-01",Corrientes,auto,686
"2020-08-01",Corrientes,auto,735
"2020-09-01",Corrientes,auto,713
"2020-10-01",Corrientes,auto,788
"2020-11-01",Corrientes,auto,720
"2020-12-01",Corrientes,auto,395
"2021-01-01",Corrientes,auto,1024
"2021-02-01",Corrientes,auto,712
"2021-03-01",Corrientes,auto,896
"2021-04-01",Corrientes,auto,719
"2021-05-01",Corrientes,auto,516
"2021-06-01",Corrientes,auto,801
"2021-07-01",Corrientes,auto,753
"2021-08-01",Corrientes,auto,718
"2021-09-01",Corrientes,auto,716
"2021-10-01",Corrientes,auto,674
"2021-11-01",Corrientes,auto,680
"2021-12-01",Corrientes,auto,416
"2022-01-01",Corrientes,auto,985
"2022-02-01",Corrientes,auto,735
"2022-03-01",Corrientes,auto,838
"2022-04-01",Corrientes,auto,667
"2022-05-01",Corrientes,auto,815
"2022-06-01",Corrientes,auto,826
"2022-07-01",Corrientes,auto,879
"2022-08-01",Corrientes,auto,837
"2022-09-01",Corrientes,auto,806
"2022-10-01",Corrientes,auto,737
"2022-11-01",Corrientes,auto,635
"2022-12-01",Corrientes,auto,424
"2023-01-01",Corrientes,auto,1244
"2023-02-01",Corrientes,auto,637
"2023-03-01",Corrientes,auto,858
"2023-04-01",Corrientes,auto,779
"2023-05-01",Corrientes,auto,931
"2023-06-01",Corrientes,auto,923
"2023-07-01",Corrientes,auto,960
"2023-08-01",Corrientes,auto,1012
"2023-09-01",Corrientes,auto,834
"2023-10-01",Corrientes,auto,988
"2023-11-01",Corrientes,auto,968
"2023-12-01",Corrientes,auto,455
"2014-01-01",Corrientes,moto,2760
"2014-02-01",Corrientes,moto,2002
"2014-03-01",Corrientes,moto,1768
"2014-04-01",Corrientes,moto,1683
"2014-05-01",Corrientes,moto,1650
"2014-06-01",Corrientes,moto,1466
"2014-07-01",Corrientes,moto,1552
"2014-08-01",Corrientes,moto,1821
"2014-09-01",Corrientes,moto,1688
"2014-10-01",Corrientes,moto,1732
"2014-11-01",Corrientes,moto,1314
"2014-12-01",Corrientes,moto,1130
"2015-01-01",Corrientes,moto,1461
"2015-02-01",Corrientes,moto,1318
"2015-03-01",Corrientes,moto,1767
"2015-04-01",Corrientes,moto,1725
"2015-05-01",Corrientes,moto,1453
"2015-06-01",Corrientes,moto,1599
"2015-07-01",Corrientes,moto,1671
"2015-08-01",Corrientes,moto,1659
"2015-09-01",Corrientes,moto,1905
"2015-10-01",Corrientes,moto,1947
"2015-11-01",Corrientes,moto,1717
"2015-12-01",Corrientes,moto,1479
"2016-01-01",Corrientes,moto,1519
"2016-02-01",Corrientes,moto,1491
"2016-03-01",Corrientes,moto,1915
"2016-04-01",Corrientes,moto,1671
"2016-05-01",Corrientes,moto,1523
"2016-06-01",Corrientes,moto,1258
"2016-07-01",Corrientes,moto,1368
"2016-08-01",Corrientes,moto,1814
"2016-09-01",Corrientes,moto,1641
"2016-10-01",Corrientes,moto,1497
"2016-11-01",Corrientes,moto,1771
"2016-12-01",Corrientes,moto,1718
"2017-01-01",Corrientes,moto,2236
"2017-02-01",Corrientes,moto,1824
"2017-03-01",Corrientes,moto,2588
"2017-04-01",Corrientes,moto,2072
"2017-05-01",Corrientes,moto,2095
"2017-06-01",Corrientes,moto,1943
"2017-07-01",Corrientes,moto,2316
"2017-08-01",Corrientes,moto,2473
"2017-09-01",Corrientes,moto,2439
"2017-10-01",Corrientes,moto,2816
"2017-11-01",Corrientes,moto,2881
"2017-12-01",Corrientes,moto,2544
"2018-01-01",Corrientes,moto,2993
"2018-02-01",Corrientes,moto,2563
"2018-03-01",Corrientes,moto,3130
"2018-04-01",Corrientes,moto,3047
"2018-05-01",Corrientes,moto,2646
"2018-06-01",Corrientes,moto,1965
"2018-07-01",Corrientes,moto,1960
"2018-08-01",Corrientes,moto,1960
"2018-09-01",Corrientes,moto,1649
"2018-10-01",Corrientes,moto,1640
"2018-11-01",Corrientes,moto,1280
"2018-12-01",Corrientes,moto,1158
"2019-01-01",Corrientes,moto,1622
"2019-02-01",Corrientes,moto,1444
"2019-03-01",Corrientes,moto,1412
"2019-04-01",Corrientes,moto,1382
"2019-05-01",Corrientes,moto,1196
"2019-06-01",Corrientes,moto,933
"2019-07-01",Corrientes,moto,1206
"2019-08-01",Corrientes,moto,1127
"2019-09-01",Corrientes,moto,787
"2019-10-01",Corrientes,moto,758
"2019-11-01",Corrientes,moto,682
"2019-12-01",Corrientes,moto,668
"2020-01-01",Corrientes,moto,1101
"2020-02-01",Corrientes,moto,957
"2020-03-01",Corrientes,moto,737
"2020-04-01",Corrientes,moto,126
"2020-05-01",Corrientes,moto,625
"2020-06-01",Corrientes,moto,959
"2020-07-01",Corrientes,moto,990
"2020-08-01",Corrientes,moto,1169
"2020-09-01",Corrientes,moto,1203
"2020-10-01",Corrientes,moto,1141
"2020-11-01",Corrientes,moto,887
"2020-12-01",Corrientes,moto,804
"2021-01-01",Corrientes,moto,948
"2021-02-01",Corrientes,moto,899
"2021-03-01",Corrientes,moto,1397
"2021-04-01",Corrientes,moto,1195
"2021-05-01",Corrientes,moto,724
"2021-06-01",Corrientes,moto,1164
"2021-07-01",Corrientes,moto,1204
"2021-08-01",Corrientes,moto,1329
"2021-09-01",Corrientes,moto,1387
"2021-10-01",Corrientes,moto,1411
"2021-11-01",Corrientes,moto,1462
"2021-12-01",Corrientes,moto,1239
"2022-01-01",Corrientes,moto,1020
"2022-02-01",Corrientes,moto,1265
"2022-03-01",Corrientes,moto,1702
"2022-04-01",Corrientes,moto,1325
"2022-05-01",Corrientes,moto,1345
"2022-06-01",Corrientes,moto,1306
"2022-07-01",Corrientes,moto,1222
"2022-08-01",Corrientes,moto,1270
"2022-09-01",Corrientes,moto,1136
"2022-10-01",Corrientes,moto,1170
"2022-11-01",Corrientes,moto,1105
"2022-12-01",Corrientes,moto,745
"2023-01-01",Corrientes,moto,1080
"2023-02-01",Corrientes,moto,1161
"2023-03-01",Corrientes,moto,1616
"2023-04-01",Corrientes,moto,1333
"2023-05-01",Corrientes,moto,1217
"2023-06-01",Corrientes,moto,1224
"2023-07-01",Corrientes,moto,1313
"2023-08-01",Corrientes,moto,1354
"2023-09-01",Corrientes,moto,1206
"2023-10-01",Corrientes,moto,1227
"2023-11-01",Corrientes,moto,1245
"2023-12-01",Corrientes,moto,954
"2024-01-01",Corrientes,moto,982
"2024-01-01",Corrientes,auto,825
"2024-02-01",Corrientes,moto,1032
"2024-02-01",Corrientes,auto,637
"2024-03-01",Corrientes,moto,958
"2024-03-01",Corrientes,auto,574
"2024-04-01",Corrientes,moto,1394
"2024-04-01",Corrientes,auto,777
"2024-05-01",Corrientes,auto,806
"2024-05-01",Corrientes,moto,1366
"2024-06-01",Corrientes,moto,1195
"2024-06-01",Corrientes,auto,676
"2024-07-01",Corrientes,auto,930
"2024-07-01",Corrientes,moto,1411
"2024-08-01",Corrientes,moto,1925
"2024-08-01",Corrientes,auto,957
"2024-09-01",Corrientes,moto,1509
"2024-09-01",Corrientes,auto,972
"2014-01-01",Chaco,auto,2299
"2014-02-01",Chaco,auto,1101
"2014-03-01",Chaco,auto,822
"2014-04-01",Chaco,auto,934
"2014-05-01",Chaco,auto,1005
"2014-06-01",Chaco,auto,963
"2014-07-01",Chaco,auto,1142
"2014-08-01",Chaco,auto,1114
"2014-09-01",Chaco,auto,1148
"2014-10-01",Chaco,auto,998
"2014-11-01",Chaco,auto,795
"2014-12-01",Chaco,auto,528
"2015-01-01",Chaco,auto,1496
"2015-02-01",Chaco,auto,892
"2015-03-01",Chaco,auto,1099
"2015-04-01",Chaco,auto,1106
"2015-05-01",Chaco,auto,1033
"2015-06-01",Chaco,auto,1237
"2015-07-01",Chaco,auto,1282
"2015-08-01",Chaco,auto,1385
"2015-09-01",Chaco,auto,1478
"2015-10-01",Chaco,auto,1226
"2015-11-01",Chaco,auto,1061
"2015-12-01",Chaco,auto,650
"2016-01-01",Chaco,auto,1408
"2016-02-01",Chaco,auto,1089
"2016-03-01",Chaco,auto,1169
"2016-04-01",Chaco,auto,1285
"2016-05-01",Chaco,auto,1358
"2016-06-01",Chaco,auto,1244
"2016-07-01",Chaco,auto,1520
"2016-08-01",Chaco,auto,1713
"2016-09-01",Chaco,auto,1592
"2016-10-01",Chaco,auto,1228
"2016-11-01",Chaco,auto,1202
"2016-12-01",Chaco,auto,669
"2017-01-01",Chaco,auto,2374
"2017-02-01",Chaco,auto,1436
"2017-03-01",Chaco,auto,1898
"2017-04-01",Chaco,auto,1418
"2017-05-01",Chaco,auto,1762
"2017-06-01",Chaco,auto,1778
"2017-07-01",Chaco,auto,1980
"2017-08-01",Chaco,auto,2033
"2017-09-01",Chaco,auto,1907
"2017-10-01",Chaco,auto,1851
"2017-11-01",Chaco,auto,1728
"2017-12-01",Chaco,auto,934
"2018-01-01",Chaco,auto,3383
"2018-02-01",Chaco,auto,1693
"2018-03-01",Chaco,auto,2021
"2018-04-01",Chaco,auto,2034
"2018-05-01",Chaco,auto,2087
"2018-06-01",Chaco,auto,1579
"2018-07-01",Chaco,auto,1693
"2018-08-01",Chaco,auto,1487
"2018-09-01",Chaco,auto,1105
"2018-10-01",Chaco,auto,938
"2018-11-01",Chaco,auto,685
"2018-12-01",Chaco,auto,501
"2019-01-01",Chaco,auto,1306
"2019-02-01",Chaco,auto,844
"2019-03-01",Chaco,auto,740
"2019-04-01",Chaco,auto,711
"2019-05-01",Chaco,auto,695
"2019-06-01",Chaco,auto,679
"2019-07-01",Chaco,auto,1006
"2019-08-01",Chaco,auto,808
"2019-09-01",Chaco,auto,677
"2019-10-01",Chaco,auto,598
"2019-11-01",Chaco,auto,450
"2019-12-01",Chaco,auto,363
"2020-01-01",Chaco,auto,1006
"2020-02-01",Chaco,auto,568
"2020-03-01",Chaco,auto,344
"2020-04-01",Chaco,auto,102
"2020-05-01",Chaco,auto,428
"2020-06-01",Chaco,auto,556
"2020-07-01",Chaco,auto,634
"2020-08-01",Chaco,auto,683
"2020-09-01",Chaco,auto,702
"2020-10-01",Chaco,auto,743
"2020-11-01",Chaco,auto,609
"2020-12-01",Chaco,auto,338
"2021-01-01",Chaco,auto,1050
"2021-02-01",Chaco,auto,637
"2021-03-01",Chaco,auto,751
"2021-04-01",Chaco,auto,670
"2021-05-01",Chaco,auto,508
"2021-06-01",Chaco,auto,885
"2021-07-01",Chaco,auto,716
"2021-08-01",Chaco,auto,579
"2021-09-01",Chaco,auto,713
"2021-10-01",Chaco,auto,633
"2021-11-01",Chaco,auto,562
"2021-12-01",Chaco,auto,310
"2022-01-01",Chaco,auto,913
"2022-02-01",Chaco,auto,645
"2022-03-01",Chaco,auto,702
"2022-04-01",Chaco,auto,637
"2022-05-01",Chaco,auto,747
"2022-06-01",Chaco,auto,772
"2022-07-01",Chaco,auto,898
"2022-08-01",Chaco,auto,889
"2022-09-01",Chaco,auto,825
"2022-10-01",Chaco,auto,746
"2022-11-01",Chaco,auto,702
"2022-12-01",Chaco,auto,377
"2023-01-01",Chaco,auto,1063
"2023-02-01",Chaco,auto,622
"2023-03-01",Chaco,auto,961
"2023-04-01",Chaco,auto,850
"2023-05-01",Chaco,auto,885
"2023-06-01",Chaco,auto,867
"2023-07-01",Chaco,auto,924
"2023-08-01",Chaco,auto,887
"2023-09-01",Chaco,auto,715
"2023-10-01",Chaco,auto,851
"2023-11-01",Chaco,auto,712
"2023-12-01",Chaco,auto,323
"2014-01-01",Chaco,moto,4029
"2014-02-01",Chaco,moto,2535
"2014-03-01",Chaco,moto,2309
"2014-04-01",Chaco,moto,2326
"2014-05-01",Chaco,moto,2411
"2014-06-01",Chaco,moto,2397
"2014-07-01",Chaco,moto,3036
"2014-08-01",Chaco,moto,2741
"2014-09-01",Chaco,moto,3257
"2014-10-01",Chaco,moto,2925
"2014-11-01",Chaco,moto,1985
"2014-12-01",Chaco,moto,2197
"2015-01-01",Chaco,moto,2541
"2015-02-01",Chaco,moto,2208
"2015-03-01",Chaco,moto,3151
"2015-04-01",Chaco,moto,3056
"2015-05-01",Chaco,moto,2633
"2015-06-01",Chaco,moto,3297
"2015-07-01",Chaco,moto,3284
"2015-08-01",Chaco,moto,3176
"2015-09-01",Chaco,moto,3823
"2015-10-01",Chaco,moto,3752
"2015-11-01",Chaco,moto,3227
"2015-12-01",Chaco,moto,3054
"2016-01-01",Chaco,moto,2989
"2016-02-01",Chaco,moto,2740
"2016-03-01",Chaco,moto,3245
"2016-04-01",Chaco,moto,3322
"2016-05-01",Chaco,moto,3135
"2016-06-01",Chaco,moto,2760
"2016-07-01",Chaco,moto,3232
"2016-08-01",Chaco,moto,3475
"2016-09-01",Chaco,moto,3057
"2016-10-01",Chaco,moto,2991
"2016-11-01",Chaco,moto,3319
"2016-12-01",Chaco,moto,3461
"2017-01-01",Chaco,moto,4008
"2017-02-01",Chaco,moto,3324
"2017-03-01",Chaco,moto,4683
"2017-04-01",Chaco,moto,3564
"2017-05-01",Chaco,moto,3715
"2017-06-01",Chaco,moto,3709
"2017-07-01",Chaco,moto,4386
"2017-08-01",Chaco,moto,5063
"2017-09-01",Chaco,moto,5505
"2017-10-01",Chaco,moto,5393
"2017-11-01",Chaco,moto,5343
"2017-12-01",Chaco,moto,5007
"2018-01-01",Chaco,moto,5537
"2018-02-01",Chaco,moto,4069
"2018-03-01",Chaco,moto,5694
"2018-04-01",Chaco,moto,4956
"2018-05-01",Chaco,moto,5266
"2018-06-01",Chaco,moto,3606
"2018-07-01",Chaco,moto,3637
"2018-08-01",Chaco,moto,3608
"2018-09-01",Chaco,moto,3097
"2018-10-01",Chaco,moto,3082
"2018-11-01",Chaco,moto,2109
"2018-12-01",Chaco,moto,2035
"2019-01-01",Chaco,moto,2405
"2019-02-01",Chaco,moto,2056
"2019-03-01",Chaco,moto,2177
"2019-04-01",Chaco,moto,2226
"2019-05-01",Chaco,moto,2032
"2019-06-01",Chaco,moto,1719
"2019-07-01",Chaco,moto,2085
"2019-08-01",Chaco,moto,1935
"2019-09-01",Chaco,moto,1511
"2019-10-01",Chaco,moto,1379
"2019-11-01",Chaco,moto,1143
"2019-12-01",Chaco,moto,1210
"2020-01-01",Chaco,moto,1820
"2020-02-01",Chaco,moto,1525
"2020-03-01",Chaco,moto,1258
"2020-04-01",Chaco,moto,466
"2020-05-01",Chaco,moto,995
"2020-06-01",Chaco,moto,1240
"2020-07-01",Chaco,moto,1555
"2020-08-01",Chaco,moto,1886
"2020-09-01",Chaco,moto,2203
"2020-10-01",Chaco,moto,2049
"2020-11-01",Chaco,moto,1748
"2020-12-01",Chaco,moto,1576
"2021-01-01",Chaco,moto,1513
"2021-02-01",Chaco,moto,1495
"2021-03-01",Chaco,moto,2082
"2021-04-01",Chaco,moto,1772
"2021-05-01",Chaco,moto,1312
"2021-06-01",Chaco,moto,1873
"2021-07-01",Chaco,moto,1936
"2021-08-01",Chaco,moto,2104
"2021-09-01",Chaco,moto,2286
"2021-10-01",Chaco,moto,2143
"2021-11-01",Chaco,moto,2163
"2021-12-01",Chaco,moto,2402
"2022-01-01",Chaco,moto,1711
"2022-02-01",Chaco,moto,1834
"2022-03-01",Chaco,moto,2382
"2022-04-01",Chaco,moto,2338
"2022-05-01",Chaco,moto,2509
"2022-06-01",Chaco,moto,2340
"2022-07-01",Chaco,moto,2493
"2022-08-01",Chaco,moto,2509
"2022-09-01",Chaco,moto,2297
"2022-10-01",Chaco,moto,2089
"2022-11-01",Chaco,moto,2076
"2022-12-01",Chaco,moto,1459
"2023-01-01",Chaco,moto,2004
"2023-02-01",Chaco,moto,1812
"2023-03-01",Chaco,moto,2734
"2023-04-01",Chaco,moto,2383
"2023-05-01",Chaco,moto,2423
"2023-06-01",Chaco,moto,2177
"2023-07-01",Chaco,moto,2038
"2023-08-01",Chaco,moto,2272
"2023-09-01",Chaco,moto,2174
"2023-10-01",Chaco,moto,1964
"2023-11-01",Chaco,moto,2036
"2023-12-01",Chaco,moto,1774
"2024-01-01",Chaco,moto,1758
"2024-01-01",Chaco,auto,665
"2024-02-01",Chaco,moto,1297
"2024-02-01",Chaco,auto,448
"2024-03-01",Chaco,moto,1468
"2024-03-01",Chaco,auto,457
"2024-04-01",Chaco,moto,2091
"2024-04-01",Chaco,auto,589
"2024-05-01",Chaco,auto,624
"2024-05-01",Chaco,moto,2145
"2024-06-01",Chaco,moto,1900
"2024-06-01",Chaco,auto,561
"2024-07-01",Chaco,auto,1002
"2024-07-01",Chaco,moto,2148
"2024-08-01",Chaco,moto,2788
"2024-08-01",Chaco,auto,846
"2024-09-01",Chaco,moto,2187
"2024-09-01",Chaco,auto,1019
"2014-01-01",Chubut,auto,2167
"2014-02-01",Chubut,auto,1392
"2014-03-01",Chubut,auto,1217
"2014-04-01",Chubut,auto,1108
"2014-05-01",Chubut,auto,1290
"2014-06-01",Chubut,auto,1294
"2014-07-01",Chubut,auto,1458
"2014-08-01",Chubut,auto,1355
"2014-09-01",Chubut,auto,1382
"2014-10-01",Chubut,auto,1226
"2014-11-01",Chubut,auto,919
"2014-12-01",Chubut,auto,825
"2015-01-01",Chubut,auto,1545
"2015-02-01",Chubut,auto,1064
"2015-03-01",Chubut,auto,1342
"2015-04-01",Chubut,auto,1196
"2015-05-01",Chubut,auto,1242
"2015-06-01",Chubut,auto,1337
"2015-07-01",Chubut,auto,1455
"2015-08-01",Chubut,auto,1385
"2015-09-01",Chubut,auto,1578
"2015-10-01",Chubut,auto,1420
"2015-11-01",Chubut,auto,1136
"2015-12-01",Chubut,auto,874
"2016-01-01",Chubut,auto,1349
"2016-02-01",Chubut,auto,1109
"2016-03-01",Chubut,auto,1261
"2016-04-01",Chubut,auto,1240
"2016-05-01",Chubut,auto,1247
"2016-06-01",Chubut,auto,1179
"2016-07-01",Chubut,auto,1234
"2016-08-01",Chubut,auto,1422
"2016-09-01",Chubut,auto,1421
"2016-10-01",Chubut,auto,1205
"2016-11-01",Chubut,auto,1164
"2016-12-01",Chubut,auto,878
"2017-01-01",Chubut,auto,2015
"2017-02-01",Chubut,auto,1251
"2017-03-01",Chubut,auto,1618
"2017-04-01",Chubut,auto,1193
"2017-05-01",Chubut,auto,1513
"2017-06-01",Chubut,auto,1398
"2017-07-01",Chubut,auto,1477
"2017-08-01",Chubut,auto,1775
"2017-09-01",Chubut,auto,1600
"2017-10-01",Chubut,auto,1421
"2017-11-01",Chubut,auto,1536
"2017-12-01",Chubut,auto,922
"2018-01-01",Chubut,auto,2427
"2018-02-01",Chubut,auto,1553
"2018-03-01",Chubut,auto,1870
"2018-04-01",Chubut,auto,1541
"2018-05-01",Chubut,auto,1621
"2018-06-01",Chubut,auto,1311
"2018-07-01",Chubut,auto,1308
"2018-08-01",Chubut,auto,1255
"2018-09-01",Chubut,auto,1119
"2018-10-01",Chubut,auto,1055
"2018-11-01",Chubut,auto,931
"2018-12-01",Chubut,auto,659
"2019-01-01",Chubut,auto,1333
"2019-02-01",Chubut,auto,1010
"2019-03-01",Chubut,auto,983
"2019-04-01",Chubut,auto,915
"2019-05-01",Chubut,auto,1085
"2019-06-01",Chubut,auto,808
"2019-07-01",Chubut,auto,1158
"2019-08-01",Chubut,auto,947
"2019-09-01",Chubut,auto,810
"2019-10-01",Chubut,auto,766
"2019-11-01",Chubut,auto,617
"2019-12-01",Chubut,auto,469
"2020-01-01",Chubut,auto,1048
"2020-02-01",Chubut,auto,648
"2020-03-01",Chubut,auto,451
"2020-04-01",Chubut,auto,93
"2020-05-01",Chubut,auto,481
"2020-06-01",Chubut,auto,678
"2020-07-01",Chubut,auto,667
"2020-08-01",Chubut,auto,696
"2020-09-01",Chubut,auto,764
"2020-10-01",Chubut,auto,756
"2020-11-01",Chubut,auto,685
"2020-12-01",Chubut,auto,396
"2021-01-01",Chubut,auto,1088
"2021-02-01",Chubut,auto,624
"2021-03-01",Chubut,auto,794
"2021-04-01",Chubut,auto,688
"2021-05-01",Chubut,auto,526
"2021-06-01",Chubut,auto,741
"2021-07-01",Chubut,auto,604
"2021-08-01",Chubut,auto,651
"2021-09-01",Chubut,auto,705
"2021-10-01",Chubut,auto,492
"2021-11-01",Chubut,auto,544
"2021-12-01",Chubut,auto,344
"2022-01-01",Chubut,auto,740
"2022-02-01",Chubut,auto,520
"2022-03-01",Chubut,auto,646
"2022-04-01",Chubut,auto,656
"2022-05-01",Chubut,auto,642
"2022-06-01",Chubut,auto,709
"2022-07-01",Chubut,auto,636
"2022-08-01",Chubut,auto,679
"2022-09-01",Chubut,auto,646
"2022-10-01",Chubut,auto,568
"2022-11-01",Chubut,auto,650
"2022-12-01",Chubut,auto,371
"2023-01-01",Chubut,auto,942
"2023-02-01",Chubut,auto,519
"2023-03-01",Chubut,auto,756
"2023-04-01",Chubut,auto,674
"2023-05-01",Chubut,auto,671
"2023-06-01",Chubut,auto,712
"2023-07-01",Chubut,auto,632
"2023-08-01",Chubut,auto,751
"2023-09-01",Chubut,auto,631
"2023-10-01",Chubut,auto,716
"2023-11-01",Chubut,auto,639
"2023-12-01",Chubut,auto,304
"2014-01-01",Chubut,moto,393
"2014-02-01",Chubut,moto,229
"2014-03-01",Chubut,moto,170
"2014-04-01",Chubut,moto,156
"2014-05-01",Chubut,moto,116
"2014-06-01",Chubut,moto,143
"2014-07-01",Chubut,moto,156
"2014-08-01",Chubut,moto,182
"2014-09-01",Chubut,moto,215
"2014-10-01",Chubut,moto,235
"2014-11-01",Chubut,moto,197
"2014-12-01",Chubut,moto,181
"2015-01-01",Chubut,moto,219
"2015-02-01",Chubut,moto,215
"2015-03-01",Chubut,moto,211
"2015-04-01",Chubut,moto,150
"2015-05-01",Chubut,moto,141
"2015-06-01",Chubut,moto,156
"2015-07-01",Chubut,moto,135
"2015-08-01",Chubut,moto,157
"2015-09-01",Chubut,moto,192
"2015-10-01",Chubut,moto,207
"2015-11-01",Chubut,moto,221
"2015-12-01",Chubut,moto,213
"2016-01-01",Chubut,moto,210
"2016-02-01",Chubut,moto,164
"2016-03-01",Chubut,moto,173
"2016-04-01",Chubut,moto,152
"2016-05-01",Chubut,moto,149
"2016-06-01",Chubut,moto,123
"2016-07-01",Chubut,moto,154
"2016-08-01",Chubut,moto,163
"2016-09-01",Chubut,moto,187
"2016-10-01",Chubut,moto,206
"2016-11-01",Chubut,moto,230
"2016-12-01",Chubut,moto,176
"2017-01-01",Chubut,moto,331
"2017-02-01",Chubut,moto,256
"2017-03-01",Chubut,moto,291
"2017-04-01",Chubut,moto,171
"2017-05-01",Chubut,moto,211
"2017-06-01",Chubut,moto,235
"2017-07-01",Chubut,moto,168
"2017-08-01",Chubut,moto,225
"2017-09-01",Chubut,moto,291
"2017-10-01",Chubut,moto,340
"2017-11-01",Chubut,moto,266
"2017-12-01",Chubut,moto,248
"2018-01-01",Chubut,moto,375
"2018-02-01",Chubut,moto,256
"2018-03-01",Chubut,moto,305
"2018-04-01",Chubut,moto,221
"2018-05-01",Chubut,moto,222
"2018-06-01",Chubut,moto,145
"2018-07-01",Chubut,moto,137
"2018-08-01",Chubut,moto,147
"2018-09-01",Chubut,moto,131
"2018-10-01",Chubut,moto,181
"2018-11-01",Chubut,moto,185
"2018-12-01",Chubut,moto,184
"2019-01-01",Chubut,moto,244
"2019-02-01",Chubut,moto,219
"2019-03-01",Chubut,moto,142
"2019-04-01",Chubut,moto,178
"2019-05-01",Chubut,moto,157
"2019-06-01",Chubut,moto,106
"2019-07-01",Chubut,moto,122
"2019-08-01",Chubut,moto,132
"2019-09-01",Chubut,moto,91
"2019-10-01",Chubut,moto,134
"2019-11-01",Chubut,moto,105
"2019-12-01",Chubut,moto,104
"2020-01-01",Chubut,moto,166
"2020-02-01",Chubut,moto,117
"2020-03-01",Chubut,moto,111
"2020-04-01",Chubut,moto,10
"2020-05-01",Chubut,moto,68
"2020-06-01",Chubut,moto,107
"2020-07-01",Chubut,moto,118
"2020-08-01",Chubut,moto,133
"2020-09-01",Chubut,moto,160
"2020-10-01",Chubut,moto,188
"2020-11-01",Chubut,moto,167
"2020-12-01",Chubut,moto,134
"2021-01-01",Chubut,moto,179
"2021-02-01",Chubut,moto,169
"2021-03-01",Chubut,moto,205
"2021-04-01",Chubut,moto,154
"2021-05-01",Chubut,moto,135
"2021-06-01",Chubut,moto,179
"2021-07-01",Chubut,moto,200
"2021-08-01",Chubut,moto,250
"2021-09-01",Chubut,moto,237
"2021-10-01",Chubut,moto,251
"2021-11-01",Chubut,moto,249
"2021-12-01",Chubut,moto,217
"2022-01-01",Chubut,moto,239
"2022-02-01",Chubut,moto,273
"2022-03-01",Chubut,moto,378
"2022-04-01",Chubut,moto,265
"2022-05-01",Chubut,moto,226
"2022-06-01",Chubut,moto,249
"2022-07-01",Chubut,moto,179
"2022-08-01",Chubut,moto,199
"2022-09-01",Chubut,moto,162
"2022-10-01",Chubut,moto,169
"2022-11-01",Chubut,moto,186
"2022-12-01",Chubut,moto,150
"2023-01-01",Chubut,moto,258
"2023-02-01",Chubut,moto,182
"2023-03-01",Chubut,moto,322
"2023-04-01",Chubut,moto,275
"2023-05-01",Chubut,moto,312
"2023-06-01",Chubut,moto,185
"2023-07-01",Chubut,moto,263
"2023-08-01",Chubut,moto,354
"2023-09-01",Chubut,moto,250
"2023-10-01",Chubut,moto,328
"2023-11-01",Chubut,moto,335
"2023-12-01",Chubut,moto,253
"2024-01-01",Chubut,moto,277
"2024-01-01",Chubut,auto,577
"2024-02-01",Chubut,moto,228
"2024-02-01",Chubut,auto,372
"2024-03-01",Chubut,moto,236
"2024-03-01",Chubut,auto,498
"2024-04-01",Chubut,moto,274
"2024-04-01",Chubut,auto,522
"2024-05-01",Chubut,auto,682
"2024-05-01",Chubut,moto,270
"2024-06-01",Chubut,moto,203
"2024-06-01",Chubut,auto,551
"2024-07-01",Chubut,auto,849
"2024-07-01",Chubut,moto,360
"2024-08-01",Chubut,moto,417
"2024-08-01",Chubut,auto,836
"2024-09-01",Chubut,moto,345
"2024-09-01",Chubut,auto,850
"2014-01-01",Entre Rios,auto,3373
"2014-02-01",Entre Rios,auto,1427
"2014-03-01",Entre Rios,auto,1405
"2014-04-01",Entre Rios,auto,1435
"2014-05-01",Entre Rios,auto,1516
"2014-06-01",Entre Rios,auto,1512
"2014-07-01",Entre Rios,auto,1660
"2014-08-01",Entre Rios,auto,1604
"2014-09-01",Entre Rios,auto,1618
"2014-10-01",Entre Rios,auto,1420
"2014-11-01",Entre Rios,auto,1050
"2014-12-01",Entre Rios,auto,743
"2015-01-01",Entre Rios,auto,2038
"2015-02-01",Entre Rios,auto,1289
"2015-03-01",Entre Rios,auto,1435
"2015-04-01",Entre Rios,auto,1483
"2015-05-01",Entre Rios,auto,1376
"2015-06-01",Entre Rios,auto,1621
"2015-07-01",Entre Rios,auto,1680
"2015-08-01",Entre Rios,auto,1706
"2015-09-01",Entre Rios,auto,1835
"2015-10-01",Entre Rios,auto,1705
"2015-11-01",Entre Rios,auto,1461
"2015-12-01",Entre Rios,auto,737
"2016-01-01",Entre Rios,auto,1714
"2016-02-01",Entre Rios,auto,1386
"2016-03-01",Entre Rios,auto,1573
"2016-04-01",Entre Rios,auto,1663
"2016-05-01",Entre Rios,auto,1534
"2016-06-01",Entre Rios,auto,1484
"2016-07-01",Entre Rios,auto,1673
"2016-08-01",Entre Rios,auto,2010
"2016-09-01",Entre Rios,auto,1817
"2016-10-01",Entre Rios,auto,1685
"2016-11-01",Entre Rios,auto,1409
"2016-12-01",Entre Rios,auto,907
"2017-01-01",Entre Rios,auto,2542
"2017-02-01",Entre Rios,auto,1605
"2017-03-01",Entre Rios,auto,2115
"2017-04-01",Entre Rios,auto,1753
"2017-05-01",Entre Rios,auto,1982
"2017-06-01",Entre Rios,auto,1959
"2017-07-01",Entre Rios,auto,1986
"2017-08-01",Entre Rios,auto,2175
"2017-09-01",Entre Rios,auto,1830
"2017-10-01",Entre Rios,auto,2012
"2017-11-01",Entre Rios,auto,1631
"2017-12-01",Entre Rios,auto,977
"2018-01-01",Entre Rios,auto,3285
"2018-02-01",Entre Rios,auto,1804
"2018-03-01",Entre Rios,auto,2212
"2018-04-01",Entre Rios,auto,1965
"2018-05-01",Entre Rios,auto,2079
"2018-06-01",Entre Rios,auto,1430
"2018-07-01",Entre Rios,auto,1591
"2018-08-01",Entre Rios,auto,1465
"2018-09-01",Entre Rios,auto,1168
"2018-10-01",Entre Rios,auto,1068
"2018-11-01",Entre Rios,auto,881
"2018-12-01",Entre Rios,auto,526
"2019-01-01",Entre Rios,auto,1531
"2019-02-01",Entre Rios,auto,954
"2019-03-01",Entre Rios,auto,989
"2019-04-01",Entre Rios,auto,898
"2019-05-01",Entre Rios,auto,840
"2019-06-01",Entre Rios,auto,867
"2019-07-01",Entre Rios,auto,1217
"2019-08-01",Entre Rios,auto,1074
"2019-09-01",Entre Rios,auto,858
"2019-10-01",Entre Rios,auto,830
"2019-11-01",Entre Rios,auto,581
"2019-12-01",Entre Rios,auto,462
"2020-01-01",Entre Rios,auto,1111
"2020-02-01",Entre Rios,auto,737
"2020-03-01",Entre Rios,auto,484
"2020-04-01",Entre Rios,auto,176
"2020-05-01",Entre Rios,auto,704
"2020-06-01",Entre Rios,auto,1003
"2020-07-01",Entre Rios,auto,755
"2020-08-01",Entre Rios,auto,790
"2020-09-01",Entre Rios,auto,898
"2020-10-01",Entre Rios,auto,959
"2020-11-01",Entre Rios,auto,850
"2020-12-01",Entre Rios,auto,450
"2021-01-01",Entre Rios,auto,1229
"2021-02-01",Entre Rios,auto,798
"2021-03-01",Entre Rios,auto,918
"2021-04-01",Entre Rios,auto,849
"2021-05-01",Entre Rios,auto,616
"2021-06-01",Entre Rios,auto,918
"2021-07-01",Entre Rios,auto,864
"2021-08-01",Entre Rios,auto,752
"2021-09-01",Entre Rios,auto,739
"2021-10-01",Entre Rios,auto,712
"2021-11-01",Entre Rios,auto,685
"2021-12-01",Entre Rios,auto,397
"2022-01-01",Entre Rios,auto,1077
"2022-02-01",Entre Rios,auto,717
"2022-03-01",Entre Rios,auto,949
"2022-04-01",Entre Rios,auto,756
"2022-05-01",Entre Rios,auto,886
"2022-06-01",Entre Rios,auto,843
"2022-07-01",Entre Rios,auto,960
"2022-08-01",Entre Rios,auto,929
"2022-09-01",Entre Rios,auto,784
"2022-10-01",Entre Rios,auto,774
"2022-11-01",Entre Rios,auto,824
"2022-12-01",Entre Rios,auto,414
"2023-01-01",Entre Rios,auto,1269
"2023-02-01",Entre Rios,auto,765
"2023-03-01",Entre Rios,auto,966
"2023-04-01",Entre Rios,auto,798
"2023-05-01",Entre Rios,auto,884
"2023-06-01",Entre Rios,auto,832
"2023-07-01",Entre Rios,auto,1075
"2023-08-01",Entre Rios,auto,962
"2023-09-01",Entre Rios,auto,774
"2023-10-01",Entre Rios,auto,1008
"2023-11-01",Entre Rios,auto,875
"2023-12-01",Entre Rios,auto,414
"2014-01-01",Entre Rios,moto,2896
"2014-02-01",Entre Rios,moto,1688
"2014-03-01",Entre Rios,moto,1508
"2014-04-01",Entre Rios,moto,1402
"2014-05-01",Entre Rios,moto,1383
"2014-06-01",Entre Rios,moto,1226
"2014-07-01",Entre Rios,moto,1372
"2014-08-01",Entre Rios,moto,1487
"2014-09-01",Entre Rios,moto,1952
"2014-10-01",Entre Rios,moto,2026
"2014-11-01",Entre Rios,moto,1353
"2014-12-01",Entre Rios,moto,1208
"2015-01-01",Entre Rios,moto,1287
"2015-02-01",Entre Rios,moto,1208
"2015-03-01",Entre Rios,moto,1475
"2015-04-01",Entre Rios,moto,1384
"2015-05-01",Entre Rios,moto,1197
"2015-06-01",Entre Rios,moto,1312
"2015-07-01",Entre Rios,moto,1161
"2015-08-01",Entre Rios,moto,1151
"2015-09-01",Entre Rios,moto,1277
"2015-10-01",Entre Rios,moto,1271
"2015-11-01",Entre Rios,moto,1324
"2015-12-01",Entre Rios,moto,975
"2016-01-01",Entre Rios,moto,1257
"2016-02-01",Entre Rios,moto,1130
"2016-03-01",Entre Rios,moto,1384
"2016-04-01",Entre Rios,moto,992
"2016-05-01",Entre Rios,moto,1039
"2016-06-01",Entre Rios,moto,784
"2016-07-01",Entre Rios,moto,867
"2016-08-01",Entre Rios,moto,1184
"2016-09-01",Entre Rios,moto,1180
"2016-10-01",Entre Rios,moto,1312
"2016-11-01",Entre Rios,moto,1371
"2016-12-01",Entre Rios,moto,1337
"2017-01-01",Entre Rios,moto,1876
"2017-02-01",Entre Rios,moto,1505
"2017-03-01",Entre Rios,moto,1944
"2017-04-01",Entre Rios,moto,1503
"2017-05-01",Entre Rios,moto,1544
"2017-06-01",Entre Rios,moto,1163
"2017-07-01",Entre Rios,moto,1341
"2017-08-01",Entre Rios,moto,1518
"2017-09-01",Entre Rios,moto,1618
"2017-10-01",Entre Rios,moto,1888
"2017-11-01",Entre Rios,moto,1995
"2017-12-01",Entre Rios,moto,1680
"2018-01-01",Entre Rios,moto,2108
"2018-02-01",Entre Rios,moto,1920
"2018-03-01",Entre Rios,moto,2242
"2018-04-01",Entre Rios,moto,1862
"2018-05-01",Entre Rios,moto,1493
"2018-06-01",Entre Rios,moto,913
"2018-07-01",Entre Rios,moto,961
"2018-08-01",Entre Rios,moto,1009
"2018-09-01",Entre Rios,moto,992
"2018-10-01",Entre Rios,moto,1054
"2018-11-01",Entre Rios,moto,926
"2018-12-01",Entre Rios,moto,696
"2019-01-01",Entre Rios,moto,1196
"2019-02-01",Entre Rios,moto,1017
"2019-03-01",Entre Rios,moto,986
"2019-04-01",Entre Rios,moto,934
"2019-05-01",Entre Rios,moto,745
"2019-06-01",Entre Rios,moto,556
"2019-07-01",Entre Rios,moto,861
"2019-08-01",Entre Rios,moto,782
"2019-09-01",Entre Rios,moto,534
"2019-10-01",Entre Rios,moto,631
"2019-11-01",Entre Rios,moto,489
"2019-12-01",Entre Rios,moto,507
"2020-01-01",Entre Rios,moto,781
"2020-02-01",Entre Rios,moto,633
"2020-03-01",Entre Rios,moto,717
"2020-04-01",Entre Rios,moto,129
"2020-05-01",Entre Rios,moto,597
"2020-06-01",Entre Rios,moto,723
"2020-07-01",Entre Rios,moto,806
"2020-08-01",Entre Rios,moto,916
"2020-09-01",Entre Rios,moto,969
"2020-10-01",Entre Rios,moto,920
"2020-11-01",Entre Rios,moto,655
"2020-12-01",Entre Rios,moto,695
"2021-01-01",Entre Rios,moto,919
"2021-02-01",Entre Rios,moto,762
"2021-03-01",Entre Rios,moto,1135
"2021-04-01",Entre Rios,moto,1010
"2021-05-01",Entre Rios,moto,599
"2021-06-01",Entre Rios,moto,934
"2021-07-01",Entre Rios,moto,971
"2021-08-01",Entre Rios,moto,1105
"2021-09-01",Entre Rios,moto,1208
"2021-10-01",Entre Rios,moto,1194
"2021-11-01",Entre Rios,moto,1290
"2021-12-01",Entre Rios,moto,1149
"2022-01-01",Entre Rios,moto,1260
"2022-02-01",Entre Rios,moto,1249
"2022-03-01",Entre Rios,moto,1560
"2022-04-01",Entre Rios,moto,1427
"2022-05-01",Entre Rios,moto,1373
"2022-06-01",Entre Rios,moto,1089
"2022-07-01",Entre Rios,moto,1041
"2022-08-01",Entre Rios,moto,904
"2022-09-01",Entre Rios,moto,964
"2022-10-01",Entre Rios,moto,1015
"2022-11-01",Entre Rios,moto,913
"2022-12-01",Entre Rios,moto,865
"2023-01-01",Entre Rios,moto,1390
"2023-02-01",Entre Rios,moto,1166
"2023-03-01",Entre Rios,moto,1710
"2023-04-01",Entre Rios,moto,1289
"2023-05-01",Entre Rios,moto,1281
"2023-06-01",Entre Rios,moto,966
"2023-07-01",Entre Rios,moto,1086
"2023-08-01",Entre Rios,moto,1273
"2023-09-01",Entre Rios,moto,1000
"2023-10-01",Entre Rios,moto,1288
"2023-11-01",Entre Rios,moto,1200
"2023-12-01",Entre Rios,moto,790
"2024-01-01",Entre Rios,moto,999
"2024-01-01",Entre Rios,auto,750
"2024-02-01",Entre Rios,moto,1019
"2024-02-01",Entre Rios,auto,684
"2024-03-01",Entre Rios,moto,988
"2024-03-01",Entre Rios,auto,663
"2024-04-01",Entre Rios,moto,1359
"2024-04-01",Entre Rios,auto,764
"2024-05-01",Entre Rios,auto,787
"2024-05-01",Entre Rios,moto,1257
"2024-06-01",Entre Rios,moto,1002
"2024-06-01",Entre Rios,auto,704
"2024-07-01",Entre Rios,auto,1002
"2024-07-01",Entre Rios,moto,1249
"2024-08-01",Entre Rios,moto,1792
"2024-08-01",Entre Rios,auto,1021
"2024-09-01",Entre Rios,moto,1259
"2024-09-01",Entre Rios,auto,1034
"2014-01-01",Formosa,auto,1192
"2014-02-01",Formosa,auto,622
"2014-03-01",Formosa,auto,494
"2014-04-01",Formosa,auto,575
"2014-05-01",Formosa,auto,555
"2014-06-01",Formosa,auto,555
"2014-07-01",Formosa,auto,553
"2014-08-01",Formosa,auto,506
"2014-09-01",Formosa,auto,525
"2014-10-01",Formosa,auto,506
"2014-11-01",Formosa,auto,402
"2014-12-01",Formosa,auto,251
"2015-01-01",Formosa,auto,775
"2015-02-01",Formosa,auto,462
"2015-03-01",Formosa,auto,551
"2015-04-01",Formosa,auto,524
"2015-05-01",Formosa,auto,450
"2015-06-01",Formosa,auto,556
"2015-07-01",Formosa,auto,631
"2015-08-01",Formosa,auto,655
"2015-09-01",Formosa,auto,843
"2015-10-01",Formosa,auto,702
"2015-11-01",Formosa,auto,549
"2015-12-01",Formosa,auto,425
"2016-01-01",Formosa,auto,758
"2016-02-01",Formosa,auto,545
"2016-03-01",Formosa,auto,598
"2016-04-01",Formosa,auto,614
"2016-05-01",Formosa,auto,687
"2016-06-01",Formosa,auto,514
"2016-07-01",Formosa,auto,717
"2016-08-01",Formosa,auto,778
"2016-09-01",Formosa,auto,709
"2016-10-01",Formosa,auto,582
"2016-11-01",Formosa,auto,509
"2016-12-01",Formosa,auto,287
"2017-01-01",Formosa,auto,916
"2017-02-01",Formosa,auto,620
"2017-03-01",Formosa,auto,708
"2017-04-01",Formosa,auto,572
"2017-05-01",Formosa,auto,651
"2017-06-01",Formosa,auto,620
"2017-07-01",Formosa,auto,775
"2017-08-01",Formosa,auto,782
"2017-09-01",Formosa,auto,878
"2017-10-01",Formosa,auto,762
"2017-11-01",Formosa,auto,742
"2017-12-01",Formosa,auto,406
"2018-01-01",Formosa,auto,1260
"2018-02-01",Formosa,auto,714
"2018-03-01",Formosa,auto,898
"2018-04-01",Formosa,auto,798
"2018-05-01",Formosa,auto,759
"2018-06-01",Formosa,auto,615
"2018-07-01",Formosa,auto,727
"2018-08-01",Formosa,auto,694
"2018-09-01",Formosa,auto,541
"2018-10-01",Formosa,auto,486
"2018-11-01",Formosa,auto,419
"2018-12-01",Formosa,auto,303
"2019-01-01",Formosa,auto,649
"2019-02-01",Formosa,auto,475
"2019-03-01",Formosa,auto,409
"2019-04-01",Formosa,auto,359
"2019-05-01",Formosa,auto,324
"2019-06-01",Formosa,auto,255
"2019-07-01",Formosa,auto,561
"2019-08-01",Formosa,auto,468
"2019-09-01",Formosa,auto,336
"2019-10-01",Formosa,auto,285
"2019-11-01",Formosa,auto,211
"2019-12-01",Formosa,auto,149
"2020-01-01",Formosa,auto,398
"2020-02-01",Formosa,auto,255
"2020-03-01",Formosa,auto,189
"2020-04-01",Formosa,auto,70
"2020-05-01",Formosa,auto,180
"2020-06-01",Formosa,auto,290
"2020-07-01",Formosa,auto,263
"2020-08-01",Formosa,auto,257
"2020-09-01",Formosa,auto,279
"2020-10-01",Formosa,auto,284
"2020-11-01",Formosa,auto,236
"2020-12-01",Formosa,auto,154
"2021-01-01",Formosa,auto,359
"2021-02-01",Formosa,auto,235
"2021-03-01",Formosa,auto,310
"2021-04-01",Formosa,auto,299
"2021-05-01",Formosa,auto,149
"2021-06-01",Formosa,auto,287
"2021-07-01",Formosa,auto,263
"2021-08-01",Formosa,auto,276
"2021-09-01",Formosa,auto,226
"2021-10-01",Formosa,auto,209
"2021-11-01",Formosa,auto,207
"2021-12-01",Formosa,auto,123
"2022-01-01",Formosa,auto,325
"2022-02-01",Formosa,auto,221
"2022-03-01",Formosa,auto,255
"2022-04-01",Formosa,auto,282
"2022-05-01",Formosa,auto,268
"2022-06-01",Formosa,auto,269
"2022-07-01",Formosa,auto,296
"2022-08-01",Formosa,auto,334
"2022-09-01",Formosa,auto,294
"2022-10-01",Formosa,auto,297
"2022-11-01",Formosa,auto,310
"2022-12-01",Formosa,auto,156
"2023-01-01",Formosa,auto,467
"2023-02-01",Formosa,auto,303
"2023-03-01",Formosa,auto,349
"2023-04-01",Formosa,auto,261
"2023-05-01",Formosa,auto,305
"2023-06-01",Formosa,auto,276
"2023-07-01",Formosa,auto,359
"2023-08-01",Formosa,auto,375
"2023-09-01",Formosa,auto,249
"2023-10-01",Formosa,auto,280
"2023-11-01",Formosa,auto,254
"2023-12-01",Formosa,auto,119
"2014-01-01",Formosa,moto,1869
"2014-02-01",Formosa,moto,1280
"2014-03-01",Formosa,moto,1131
"2014-04-01",Formosa,moto,1052
"2014-05-01",Formosa,moto,1149
"2014-06-01",Formosa,moto,1043
"2014-07-01",Formosa,moto,1262
"2014-08-01",Formosa,moto,1287
"2014-09-01",Formosa,moto,1425
"2014-10-01",Formosa,moto,1226
"2014-11-01",Formosa,moto,820
"2014-12-01",Formosa,moto,979
"2015-01-01",Formosa,moto,1007
"2015-02-01",Formosa,moto,959
"2015-03-01",Formosa,moto,1326
"2015-04-01",Formosa,moto,1223
"2015-05-01",Formosa,moto,1191
"2015-06-01",Formosa,moto,1269
"2015-07-01",Formosa,moto,1404
"2015-08-01",Formosa,moto,1407
"2015-09-01",Formosa,moto,1583
"2015-10-01",Formosa,moto,1571
"2015-11-01",Formosa,moto,1414
"2015-12-01",Formosa,moto,1227
"2016-01-01",Formosa,moto,1010
"2016-02-01",Formosa,moto,1139
"2016-03-01",Formosa,moto,1286
"2016-04-01",Formosa,moto,1350
"2016-05-01",Formosa,moto,1239
"2016-06-01",Formosa,moto,1189
"2016-07-01",Formosa,moto,1388
"2016-08-01",Formosa,moto,1470
"2016-09-01",Formosa,moto,1330
"2016-10-01",Formosa,moto,1178
"2016-11-01",Formosa,moto,1322
"2016-12-01",Formosa,moto,1407
"2017-01-01",Formosa,moto,1403
"2017-02-01",Formosa,moto,1491
"2017-03-01",Formosa,moto,1926
"2017-04-01",Formosa,moto,1611
"2017-05-01",Formosa,moto,1826
"2017-06-01",Formosa,moto,1377
"2017-07-01",Formosa,moto,1692
"2017-08-01",Formosa,moto,2137
"2017-09-01",Formosa,moto,2323
"2017-10-01",Formosa,moto,2349
"2017-11-01",Formosa,moto,1975
"2017-12-01",Formosa,moto,1880
"2018-01-01",Formosa,moto,2148
"2018-02-01",Formosa,moto,1649
"2018-03-01",Formosa,moto,1810
"2018-04-01",Formosa,moto,1991
"2018-05-01",Formosa,moto,2002
"2018-06-01",Formosa,moto,1592
"2018-07-01",Formosa,moto,1794
"2018-08-01",Formosa,moto,1319
"2018-09-01",Formosa,moto,1009
"2018-10-01",Formosa,moto,1042
"2018-11-01",Formosa,moto,967
"2018-12-01",Formosa,moto,886
"2019-01-01",Formosa,moto,1161
"2019-02-01",Formosa,moto,1046
"2019-03-01",Formosa,moto,930
"2019-04-01",Formosa,moto,1041
"2019-05-01",Formosa,moto,1091
"2019-06-01",Formosa,moto,774
"2019-07-01",Formosa,moto,1221
"2019-08-01",Formosa,moto,1125
"2019-09-01",Formosa,moto,887
"2019-10-01",Formosa,moto,718
"2019-11-01",Formosa,moto,531
"2019-12-01",Formosa,moto,527
"2020-01-01",Formosa,moto,632
"2020-02-01",Formosa,moto,583
"2020-03-01",Formosa,moto,620
"2020-04-01",Formosa,moto,147
"2020-05-01",Formosa,moto,388
"2020-06-01",Formosa,moto,606
"2020-07-01",Formosa,moto,711
"2020-08-01",Formosa,moto,709
"2020-09-01",Formosa,moto,668
"2020-10-01",Formosa,moto,710
"2020-11-01",Formosa,moto,580
"2020-12-01",Formosa,moto,545
"2021-01-01",Formosa,moto,545
"2021-02-01",Formosa,moto,568
"2021-03-01",Formosa,moto,772
"2021-04-01",Formosa,moto,576
"2021-05-01",Formosa,moto,316
"2021-06-01",Formosa,moto,426
"2021-07-01",Formosa,moto,582
"2021-08-01",Formosa,moto,918
"2021-09-01",Formosa,moto,934
"2021-10-01",Formosa,moto,896
"2021-11-01",Formosa,moto,896
"2021-12-01",Formosa,moto,913
"2022-01-01",Formosa,moto,644
"2022-02-01",Formosa,moto,851
"2022-03-01",Formosa,moto,1197
"2022-04-01",Formosa,moto,809
"2022-05-01",Formosa,moto,1053
"2022-06-01",Formosa,moto,942
"2022-07-01",Formosa,moto,1124
"2022-08-01",Formosa,moto,1078
"2022-09-01",Formosa,moto,1018
"2022-10-01",Formosa,moto,919
"2022-11-01",Formosa,moto,1008
"2022-12-01",Formosa,moto,810
"2023-01-01",Formosa,moto,906
"2023-02-01",Formosa,moto,816
"2023-03-01",Formosa,moto,1127
"2023-04-01",Formosa,moto,930
"2023-05-01",Formosa,moto,1070
"2023-06-01",Formosa,moto,930
"2023-07-01",Formosa,moto,1143
"2023-08-01",Formosa,moto,1158
"2023-09-01",Formosa,moto,982
"2023-10-01",Formosa,moto,881
"2023-11-01",Formosa,moto,907
"2023-12-01",Formosa,moto,626
"2024-01-01",Formosa,moto,708
"2024-01-01",Formosa,auto,213
"2024-02-01",Formosa,moto,638
"2024-02-01",Formosa,auto,198
"2024-03-01",Formosa,moto,498
"2024-03-01",Formosa,auto,187
"2024-04-01",Formosa,moto,733
"2024-04-01",Formosa,auto,216
"2024-05-01",Formosa,auto,257
"2024-05-01",Formosa,moto,753
"2024-06-01",Formosa,moto,537
"2024-06-01",Formosa,auto,174
"2024-07-01",Formosa,auto,303
"2024-07-01",Formosa,moto,800
"2024-08-01",Formosa,moto,895
"2024-08-01",Formosa,auto,264
"2024-09-01",Formosa,moto,820
"2024-09-01",Formosa,auto,253
"2014-01-01",Jujuy,auto,1562
"2014-02-01",Jujuy,auto,902
"2014-03-01",Jujuy,auto,755
"2014-04-01",Jujuy,auto,774
"2014-05-01",Jujuy,auto,825
"2014-06-01",Jujuy,auto,702
"2014-07-01",Jujuy,auto,777
"2014-08-01",Jujuy,auto,769
"2014-09-01",Jujuy,auto,714
"2014-10-01",Jujuy,auto,626
"2014-11-01",Jujuy,auto,541
"2014-12-01",Jujuy,auto,398
"2015-01-01",Jujuy,auto,929
"2015-02-01",Jujuy,auto,645
"2015-03-01",Jujuy,auto,689
"2015-04-01",Jujuy,auto,748
"2015-05-01",Jujuy,auto,649
"2015-06-01",Jujuy,auto,785
"2015-07-01",Jujuy,auto,851
"2015-08-01",Jujuy,auto,822
"2015-09-01",Jujuy,auto,1021
"2015-10-01",Jujuy,auto,866
"2015-11-01",Jujuy,auto,703
"2015-12-01",Jujuy,auto,507
"2016-01-01",Jujuy,auto,927
"2016-02-01",Jujuy,auto,719
"2016-03-01",Jujuy,auto,789
"2016-04-01",Jujuy,auto,856
"2016-05-01",Jujuy,auto,973
"2016-06-01",Jujuy,auto,764
"2016-07-01",Jujuy,auto,987
"2016-08-01",Jujuy,auto,970
"2016-09-01",Jujuy,auto,1052
"2016-10-01",Jujuy,auto,863
"2016-11-01",Jujuy,auto,853
"2016-12-01",Jujuy,auto,608
"2017-01-01",Jujuy,auto,1428
"2017-02-01",Jujuy,auto,945
"2017-03-01",Jujuy,auto,1151
"2017-04-01",Jujuy,auto,958
"2017-05-01",Jujuy,auto,1131
"2017-06-01",Jujuy,auto,1152
"2017-07-01",Jujuy,auto,1206
"2017-08-01",Jujuy,auto,1153
"2017-09-01",Jujuy,auto,1053
"2017-10-01",Jujuy,auto,1115
"2017-11-01",Jujuy,auto,1005
"2017-12-01",Jujuy,auto,647
"2018-01-01",Jujuy,auto,1905
"2018-02-01",Jujuy,auto,1051
"2018-03-01",Jujuy,auto,1203
"2018-04-01",Jujuy,auto,1126
"2018-05-01",Jujuy,auto,1363
"2018-06-01",Jujuy,auto,1028
"2018-07-01",Jujuy,auto,921
"2018-08-01",Jujuy,auto,906
"2018-09-01",Jujuy,auto,757
"2018-10-01",Jujuy,auto,722
"2018-11-01",Jujuy,auto,535
"2018-12-01",Jujuy,auto,371
"2019-01-01",Jujuy,auto,860
"2019-02-01",Jujuy,auto,533
"2019-03-01",Jujuy,auto,496
"2019-04-01",Jujuy,auto,542
"2019-05-01",Jujuy,auto,500
"2019-06-01",Jujuy,auto,477
"2019-07-01",Jujuy,auto,654
"2019-08-01",Jujuy,auto,566
"2019-09-01",Jujuy,auto,466
"2019-10-01",Jujuy,auto,372
"2019-11-01",Jujuy,auto,315
"2019-12-01",Jujuy,auto,232
"2020-01-01",Jujuy,auto,582
"2020-02-01",Jujuy,auto,357
"2020-03-01",Jujuy,auto,188
"2020-04-01",Jujuy,auto,103
"2020-05-01",Jujuy,auto,296
"2020-06-01",Jujuy,auto,171
"2020-07-01",Jujuy,auto,264
"2020-08-01",Jujuy,auto,359
"2020-09-01",Jujuy,auto,362
"2020-10-01",Jujuy,auto,400
"2020-11-01",Jujuy,auto,393
"2020-12-01",Jujuy,auto,199
"2021-01-01",Jujuy,auto,565
"2021-02-01",Jujuy,auto,345
"2021-03-01",Jujuy,auto,402
"2021-04-01",Jujuy,auto,349
"2021-05-01",Jujuy,auto,299
"2021-06-01",Jujuy,auto,431
"2021-07-01",Jujuy,auto,383
"2021-08-01",Jujuy,auto,359
"2021-09-01",Jujuy,auto,359
"2021-10-01",Jujuy,auto,270
"2021-11-01",Jujuy,auto,294
"2021-12-01",Jujuy,auto,157
"2022-01-01",Jujuy,auto,459
"2022-02-01",Jujuy,auto,285
"2022-03-01",Jujuy,auto,345
"2022-04-01",Jujuy,auto,389
"2022-05-01",Jujuy,auto,346
"2022-06-01",Jujuy,auto,344
"2022-07-01",Jujuy,auto,400
"2022-08-01",Jujuy,auto,360
"2022-09-01",Jujuy,auto,367
"2022-10-01",Jujuy,auto,305
"2022-11-01",Jujuy,auto,309
"2022-12-01",Jujuy,auto,197
"2023-01-01",Jujuy,auto,505
"2023-02-01",Jujuy,auto,301
"2023-03-01",Jujuy,auto,437
"2023-04-01",Jujuy,auto,334
"2023-05-01",Jujuy,auto,426
"2023-06-01",Jujuy,auto,425
"2023-07-01",Jujuy,auto,440
"2023-08-01",Jujuy,auto,406
"2023-09-01",Jujuy,auto,427
"2023-10-01",Jujuy,auto,379
"2023-11-01",Jujuy,auto,373
"2023-12-01",Jujuy,auto,187
"2014-01-01",Jujuy,moto,1153
"2014-02-01",Jujuy,moto,774
"2014-03-01",Jujuy,moto,639
"2014-04-01",Jujuy,moto,536
"2014-05-01",Jujuy,moto,523
"2014-06-01",Jujuy,moto,405
"2014-07-01",Jujuy,moto,584
"2014-08-01",Jujuy,moto,722
"2014-09-01",Jujuy,moto,800
"2014-10-01",Jujuy,moto,776
"2014-11-01",Jujuy,moto,616
"2014-12-01",Jujuy,moto,554
"2015-01-01",Jujuy,moto,713
"2015-02-01",Jujuy,moto,577
"2015-03-01",Jujuy,moto,872
"2015-04-01",Jujuy,moto,802
"2015-05-01",Jujuy,moto,731
"2015-06-01",Jujuy,moto,816
"2015-07-01",Jujuy,moto,812
"2015-08-01",Jujuy,moto,845
"2015-09-01",Jujuy,moto,788
"2015-10-01",Jujuy,moto,885
"2015-11-01",Jujuy,moto,841
"2015-12-01",Jujuy,moto,912
"2016-01-01",Jujuy,moto,921
"2016-02-01",Jujuy,moto,759
"2016-03-01",Jujuy,moto,851
"2016-04-01",Jujuy,moto,928
"2016-05-01",Jujuy,moto,966
"2016-06-01",Jujuy,moto,612
"2016-07-01",Jujuy,moto,716
"2016-08-01",Jujuy,moto,881
"2016-09-01",Jujuy,moto,852
"2016-10-01",Jujuy,moto,914
"2016-11-01",Jujuy,moto,1035
"2016-12-01",Jujuy,moto,1203
"2017-01-01",Jujuy,moto,1168
"2017-02-01",Jujuy,moto,1028
"2017-03-01",Jujuy,moto,1244
"2017-04-01",Jujuy,moto,1124
"2017-05-01",Jujuy,moto,1558
"2017-06-01",Jujuy,moto,1373
"2017-07-01",Jujuy,moto,1385
"2017-08-01",Jujuy,moto,1423
"2017-09-01",Jujuy,moto,1372
"2017-10-01",Jujuy,moto,1561
"2017-11-01",Jujuy,moto,1508
"2017-12-01",Jujuy,moto,1265
"2018-01-01",Jujuy,moto,1464
"2018-02-01",Jujuy,moto,978
"2018-03-01",Jujuy,moto,1037
"2018-04-01",Jujuy,moto,1284
"2018-05-01",Jujuy,moto,1275
"2018-06-01",Jujuy,moto,808
"2018-07-01",Jujuy,moto,938
"2018-08-01",Jujuy,moto,821
"2018-09-01",Jujuy,moto,691
"2018-10-01",Jujuy,moto,843
"2018-11-01",Jujuy,moto,698
"2018-12-01",Jujuy,moto,592
"2019-01-01",Jujuy,moto,831
"2019-02-01",Jujuy,moto,557
"2019-03-01",Jujuy,moto,631
"2019-04-01",Jujuy,moto,545
"2019-05-01",Jujuy,moto,472
"2019-06-01",Jujuy,moto,345
"2019-07-01",Jujuy,moto,517
"2019-08-01",Jujuy,moto,594
"2019-09-01",Jujuy,moto,364
"2019-10-01",Jujuy,moto,481
"2019-11-01",Jujuy,moto,339
"2019-12-01",Jujuy,moto,244
"2020-01-01",Jujuy,moto,484
"2020-02-01",Jujuy,moto,333
"2020-03-01",Jujuy,moto,338
"2020-04-01",Jujuy,moto,107
"2020-05-01",Jujuy,moto,276
"2020-06-01",Jujuy,moto,282
"2020-07-01",Jujuy,moto,185
"2020-08-01",Jujuy,moto,229
"2020-09-01",Jujuy,moto,493
"2020-10-01",Jujuy,moto,471
"2020-11-01",Jujuy,moto,466
"2020-12-01",Jujuy,moto,474
"2021-01-01",Jujuy,moto,478
"2021-02-01",Jujuy,moto,508
"2021-03-01",Jujuy,moto,728
"2021-04-01",Jujuy,moto,554
"2021-05-01",Jujuy,moto,390
"2021-06-01",Jujuy,moto,615
"2021-07-01",Jujuy,moto,524
"2021-08-01",Jujuy,moto,662
"2021-09-01",Jujuy,moto,629
"2021-10-01",Jujuy,moto,616
"2021-11-01",Jujuy,moto,753
"2021-12-01",Jujuy,moto,863
"2022-01-01",Jujuy,moto,553
"2022-02-01",Jujuy,moto,641
"2022-03-01",Jujuy,moto,828
"2022-04-01",Jujuy,moto,833
"2022-05-01",Jujuy,moto,867
"2022-06-01",Jujuy,moto,606
"2022-07-01",Jujuy,moto,757
"2022-08-01",Jujuy,moto,598
"2022-09-01",Jujuy,moto,609
"2022-10-01",Jujuy,moto,662
"2022-11-01",Jujuy,moto,565
"2022-12-01",Jujuy,moto,552
"2023-01-01",Jujuy,moto,497
"2023-02-01",Jujuy,moto,521
"2023-03-01",Jujuy,moto,920
"2023-04-01",Jujuy,moto,616
"2023-05-01",Jujuy,moto,765
"2023-06-01",Jujuy,moto,778
"2023-07-01",Jujuy,moto,658
"2023-08-01",Jujuy,moto,855
"2023-09-01",Jujuy,moto,694
"2023-10-01",Jujuy,moto,817
"2023-11-01",Jujuy,moto,799
"2023-12-01",Jujuy,moto,600
"2024-01-01",Jujuy,moto,538
"2024-01-01",Jujuy,auto,371
"2024-02-01",Jujuy,moto,372
"2024-02-01",Jujuy,auto,312
"2024-03-01",Jujuy,moto,425
"2024-03-01",Jujuy,auto,336
"2024-04-01",Jujuy,moto,690
"2024-04-01",Jujuy,auto,384
"2024-05-01",Jujuy,auto,430
"2024-05-01",Jujuy,moto,686
"2024-06-01",Jujuy,moto,377
"2024-06-01",Jujuy,auto,386
"2024-07-01",Jujuy,auto,498
"2024-07-01",Jujuy,moto,456
"2024-08-01",Jujuy,moto,742
"2024-08-01",Jujuy,auto,517
"2024-09-01",Jujuy,moto,591
"2024-09-01",Jujuy,auto,535
"2014-01-01",La Pampa,auto,1213
"2014-02-01",La Pampa,auto,605
"2014-03-01",La Pampa,auto,553
"2014-04-01",La Pampa,auto,548
"2014-05-01",La Pampa,auto,565
"2014-06-01",La Pampa,auto,558
"2014-07-01",La Pampa,auto,623
"2014-08-01",La Pampa,auto,557
"2014-09-01",La Pampa,auto,614
"2014-10-01",La Pampa,auto,519
"2014-11-01",La Pampa,auto,375
"2014-12-01",La Pampa,auto,271
"2015-01-01",La Pampa,auto,711
"2015-02-01",La Pampa,auto,449
"2015-03-01",La Pampa,auto,546
"2015-04-01",La Pampa,auto,535
"2015-05-01",La Pampa,auto,490
"2015-06-01",La Pampa,auto,573
"2015-07-01",La Pampa,auto,586
"2015-08-01",La Pampa,auto,605
"2015-09-01",La Pampa,auto,659
"2015-10-01",La Pampa,auto,628
"2015-11-01",La Pampa,auto,536
"2015-12-01",La Pampa,auto,272
"2016-01-01",La Pampa,auto,654
"2016-02-01",La Pampa,auto,497
"2016-03-01",La Pampa,auto,635
"2016-04-01",La Pampa,auto,676
"2016-05-01",La Pampa,auto,685
"2016-06-01",La Pampa,auto,628
"2016-07-01",La Pampa,auto,654
"2016-08-01",La Pampa,auto,788
"2016-09-01",La Pampa,auto,821
"2016-10-01",La Pampa,auto,672
"2016-11-01",La Pampa,auto,662
"2016-12-01",La Pampa,auto,434
"2017-01-01",La Pampa,auto,1117
"2017-02-01",La Pampa,auto,717
"2017-03-01",La Pampa,auto,913
"2017-04-01",La Pampa,auto,740
"2017-05-01",La Pampa,auto,846
"2017-06-01",La Pampa,auto,885
"2017-07-01",La Pampa,auto,854
"2017-08-01",La Pampa,auto,961
"2017-09-01",La Pampa,auto,928
"2017-10-01",La Pampa,auto,794
"2017-11-01",La Pampa,auto,748
"2017-12-01",La Pampa,auto,476
"2018-01-01",La Pampa,auto,1404
"2018-02-01",La Pampa,auto,784
"2018-03-01",La Pampa,auto,1057
"2018-04-01",La Pampa,auto,864
"2018-05-01",La Pampa,auto,933
"2018-06-01",La Pampa,auto,702
"2018-07-01",La Pampa,auto,681
"2018-08-01",La Pampa,auto,682
"2018-09-01",La Pampa,auto,579
"2018-10-01",La Pampa,auto,473
"2018-11-01",La Pampa,auto,386
"2018-12-01",La Pampa,auto,261
"2019-01-01",La Pampa,auto,606
"2019-02-01",La Pampa,auto,482
"2019-03-01",La Pampa,auto,478
"2019-04-01",La Pampa,auto,411
"2019-05-01",La Pampa,auto,450
"2019-06-01",La Pampa,auto,383
"2019-07-01",La Pampa,auto,629
"2019-08-01",La Pampa,auto,545
"2019-09-01",La Pampa,auto,474
"2019-10-01",La Pampa,auto,352
"2019-11-01",La Pampa,auto,337
"2019-12-01",La Pampa,auto,203
"2020-01-01",La Pampa,auto,596
"2020-02-01",La Pampa,auto,385
"2020-03-01",La Pampa,auto,242
"2020-04-01",La Pampa,auto,74
"2020-05-01",La Pampa,auto,344
"2020-06-01",La Pampa,auto,479
"2020-07-01",La Pampa,auto,491
"2020-08-01",La Pampa,auto,434
"2020-09-01",La Pampa,auto,534
"2020-10-01",La Pampa,auto,478
"2020-11-01",La Pampa,auto,500
"2020-12-01",La Pampa,auto,237
"2021-01-01",La Pampa,auto,670
"2021-02-01",La Pampa,auto,430
"2021-03-01",La Pampa,auto,499
"2021-04-01",La Pampa,auto,452
"2021-05-01",La Pampa,auto,308
"2021-06-01",La Pampa,auto,497
"2021-07-01",La Pampa,auto,405
"2021-08-01",La Pampa,auto,395
"2021-09-01",La Pampa,auto,397
"2021-10-01",La Pampa,auto,366
"2021-11-01",La Pampa,auto,358
"2021-12-01",La Pampa,auto,209
"2022-01-01",La Pampa,auto,574
"2022-02-01",La Pampa,auto,374
"2022-03-01",La Pampa,auto,501
"2022-04-01",La Pampa,auto,429
"2022-05-01",La Pampa,auto,489
"2022-06-01",La Pampa,auto,478
"2022-07-01",La Pampa,auto,491
"2022-08-01",La Pampa,auto,498
"2022-09-01",La Pampa,auto,465
"2022-10-01",La Pampa,auto,447
"2022-11-01",La Pampa,auto,463
"2022-12-01",La Pampa,auto,282
"2023-01-01",La Pampa,auto,659
"2023-02-01",La Pampa,auto,409
"2023-03-01",La Pampa,auto,456
"2023-04-01",La Pampa,auto,445
"2023-05-01",La Pampa,auto,509
"2023-06-01",La Pampa,auto,495
"2023-07-01",La Pampa,auto,558
"2023-08-01",La Pampa,auto,503
"2023-09-01",La Pampa,auto,462
"2023-10-01",La Pampa,auto,509
"2023-11-01",La Pampa,auto,444
"2023-12-01",La Pampa,auto,245
"2014-01-01",La Pampa,moto,897
"2014-02-01",La Pampa,moto,457
"2014-03-01",La Pampa,moto,391
"2014-04-01",La Pampa,moto,330
"2014-05-01",La Pampa,moto,366
"2014-06-01",La Pampa,moto,348
"2014-07-01",La Pampa,moto,440
"2014-08-01",La Pampa,moto,465
"2014-09-01",La Pampa,moto,497
"2014-10-01",La Pampa,moto,518
"2014-11-01",La Pampa,moto,400
"2014-12-01",La Pampa,moto,347
"2015-01-01",La Pampa,moto,556
"2015-02-01",La Pampa,moto,455
"2015-03-01",La Pampa,moto,556
"2015-04-01",La Pampa,moto,486
"2015-05-01",La Pampa,moto,369
"2015-06-01",La Pampa,moto,432
"2015-07-01",La Pampa,moto,438
"2015-08-01",La Pampa,moto,459
"2015-09-01",La Pampa,moto,470
"2015-10-01",La Pampa,moto,461
"2015-11-01",La Pampa,moto,464
"2015-12-01",La Pampa,moto,402
"2016-01-01",La Pampa,moto,523
"2016-02-01",La Pampa,moto,397
"2016-03-01",La Pampa,moto,467
"2016-04-01",La Pampa,moto,422
"2016-05-01",La Pampa,moto,358
"2016-06-01",La Pampa,moto,341
"2016-07-01",La Pampa,moto,382
"2016-08-01",La Pampa,moto,449
"2016-09-01",La Pampa,moto,530
"2016-10-01",La Pampa,moto,451
"2016-11-01",La Pampa,moto,556
"2016-12-01",La Pampa,moto,479
"2017-01-01",La Pampa,moto,773
"2017-02-01",La Pampa,moto,530
"2017-03-01",La Pampa,moto,715
"2017-04-01",La Pampa,moto,439
"2017-05-01",La Pampa,moto,424
"2017-06-01",La Pampa,moto,416
"2017-07-01",La Pampa,moto,450
"2017-08-01",La Pampa,moto,429
"2017-09-01",La Pampa,moto,460
"2017-10-01",La Pampa,moto,585
"2017-11-01",La Pampa,moto,464
"2017-12-01",La Pampa,moto,384
"2018-01-01",La Pampa,moto,638
"2018-02-01",La Pampa,moto,499
"2018-03-01",La Pampa,moto,536
"2018-04-01",La Pampa,moto,456
"2018-05-01",La Pampa,moto,352
"2018-06-01",La Pampa,moto,236
"2018-07-01",La Pampa,moto,242
"2018-08-01",La Pampa,moto,241
"2018-09-01",La Pampa,moto,200
"2018-10-01",La Pampa,moto,223
"2018-11-01",La Pampa,moto,205
"2018-12-01",La Pampa,moto,182
"2019-01-01",La Pampa,moto,335
"2019-02-01",La Pampa,moto,268
"2019-03-01",La Pampa,moto,293
"2019-04-01",La Pampa,moto,231
"2019-05-01",La Pampa,moto,180
"2019-06-01",La Pampa,moto,164
"2019-07-01",La Pampa,moto,191
"2019-08-01",La Pampa,moto,153
"2019-09-01",La Pampa,moto,115
"2019-10-01",La Pampa,moto,135
"2019-11-01",La Pampa,moto,118
"2019-12-01",La Pampa,moto,111
"2020-01-01",La Pampa,moto,236
"2020-02-01",La Pampa,moto,208
"2020-03-01",La Pampa,moto,151
"2020-04-01",La Pampa,moto,48
"2020-05-01",La Pampa,moto,165
"2020-06-01",La Pampa,moto,177
"2020-07-01",La Pampa,moto,215
"2020-08-01",La Pampa,moto,201
"2020-09-01",La Pampa,moto,244
"2020-10-01",La Pampa,moto,202
"2020-11-01",La Pampa,moto,179
"2020-12-01",La Pampa,moto,151
"2021-01-01",La Pampa,moto,287
"2021-02-01",La Pampa,moto,227
"2021-03-01",La Pampa,moto,302
"2021-04-01",La Pampa,moto,243
"2021-05-01",La Pampa,moto,152
"2021-06-01",La Pampa,moto,251
"2021-07-01",La Pampa,moto,286
"2021-08-01",La Pampa,moto,336
"2021-09-01",La Pampa,moto,313
"2021-10-01",La Pampa,moto,295
"2021-11-01",La Pampa,moto,277
"2021-12-01",La Pampa,moto,224
"2022-01-01",La Pampa,moto,340
"2022-02-01",La Pampa,moto,320
"2022-03-01",La Pampa,moto,400
"2022-04-01",La Pampa,moto,355
"2022-05-01",La Pampa,moto,320
"2022-06-01",La Pampa,moto,301
"2022-07-01",La Pampa,moto,243
"2022-08-01",La Pampa,moto,252
"2022-09-01",La Pampa,moto,286
"2022-10-01",La Pampa,moto,249
"2022-11-01",La Pampa,moto,263
"2022-12-01",La Pampa,moto,167
"2023-01-01",La Pampa,moto,435
"2023-02-01",La Pampa,moto,332
"2023-03-01",La Pampa,moto,440
"2023-04-01",La Pampa,moto,304
"2023-05-01",La Pampa,moto,280
"2023-06-01",La Pampa,moto,287
"2023-07-01",La Pampa,moto,317
"2023-08-01",La Pampa,moto,362
"2023-09-01",La Pampa,moto,311
"2023-10-01",La Pampa,moto,383
"2023-11-01",La Pampa,moto,262
"2023-12-01",La Pampa,moto,215
"2024-01-01",La Pampa,moto,313
"2024-01-01",La Pampa,auto,458
"2024-02-01",La Pampa,moto,245
"2024-02-01",La Pampa,auto,305
"2024-03-01",La Pampa,moto,267
"2024-03-01",La Pampa,auto,352
"2024-04-01",La Pampa,moto,293
"2024-04-01",La Pampa,auto,421
"2024-05-01",La Pampa,auto,443
"2024-05-01",La Pampa,moto,306
"2024-06-01",La Pampa,moto,330
"2024-06-01",La Pampa,auto,438
"2024-07-01",La Pampa,auto,569
"2024-07-01",La Pampa,moto,356
"2024-08-01",La Pampa,moto,613
"2024-08-01",La Pampa,auto,549
"2024-09-01",La Pampa,moto,445
"2024-09-01",La Pampa,auto,633
"2014-01-01",La Rioja,auto,827
"2014-02-01",La Rioja,auto,375
"2014-03-01",La Rioja,auto,338
"2014-04-01",La Rioja,auto,339
"2014-05-01",La Rioja,auto,366
"2014-06-01",La Rioja,auto,337
"2014-07-01",La Rioja,auto,329
"2014-08-01",La Rioja,auto,409
"2014-09-01",La Rioja,auto,349
"2014-10-01",La Rioja,auto,323
"2014-11-01",La Rioja,auto,187
"2014-12-01",La Rioja,auto,122
"2015-01-01",La Rioja,auto,472
"2015-02-01",La Rioja,auto,261
"2015-03-01",La Rioja,auto,301
"2015-04-01",La Rioja,auto,342
"2015-05-01",La Rioja,auto,253
"2015-06-01",La Rioja,auto,368
"2015-07-01",La Rioja,auto,375
"2015-08-01",La Rioja,auto,375
"2015-09-01",La Rioja,auto,431
"2015-10-01",La Rioja,auto,424
"2015-11-01",La Rioja,auto,326
"2015-12-01",La Rioja,auto,186
"2016-01-01",La Rioja,auto,390
"2016-02-01",La Rioja,auto,262
"2016-03-01",La Rioja,auto,328
"2016-04-01",La Rioja,auto,395
"2016-05-01",La Rioja,auto,358
"2016-06-01",La Rioja,auto,314
"2016-07-01",La Rioja,auto,348
"2016-08-01",La Rioja,auto,496
"2016-09-01",La Rioja,auto,440
"2016-10-01",La Rioja,auto,387
"2016-11-01",La Rioja,auto,318
"2016-12-01",La Rioja,auto,204
"2017-01-01",La Rioja,auto,615
"2017-02-01",La Rioja,auto,434
"2017-03-01",La Rioja,auto,492
"2017-04-01",La Rioja,auto,454
"2017-05-01",La Rioja,auto,498
"2017-06-01",La Rioja,auto,502
"2017-07-01",La Rioja,auto,556
"2017-08-01",La Rioja,auto,604
"2017-09-01",La Rioja,auto,597
"2017-10-01",La Rioja,auto,614
"2017-11-01",La Rioja,auto,514
"2017-12-01",La Rioja,auto,303
"2018-01-01",La Rioja,auto,971
"2018-02-01",La Rioja,auto,550
"2018-03-01",La Rioja,auto,644
"2018-04-01",La Rioja,auto,595
"2018-05-01",La Rioja,auto,624
"2018-06-01",La Rioja,auto,476
"2018-07-01",La Rioja,auto,480
"2018-08-01",La Rioja,auto,478
"2018-09-01",La Rioja,auto,368
"2018-10-01",La Rioja,auto,276
"2018-11-01",La Rioja,auto,269
"2018-12-01",La Rioja,auto,167
"2019-01-01",La Rioja,auto,382
"2019-02-01",La Rioja,auto,304
"2019-03-01",La Rioja,auto,274
"2019-04-01",La Rioja,auto,244
"2019-05-01",La Rioja,auto,223
"2019-06-01",La Rioja,auto,211
"2019-07-01",La Rioja,auto,262
"2019-08-01",La Rioja,auto,301
"2019-09-01",La Rioja,auto,199
"2019-10-01",La Rioja,auto,197
"2019-11-01",La Rioja,auto,135
"2019-12-01",La Rioja,auto,108
"2020-01-01",La Rioja,auto,247
"2020-02-01",La Rioja,auto,155
"2020-03-01",La Rioja,auto,85
"2020-04-01",La Rioja,auto,42
"2020-05-01",La Rioja,auto,103
"2020-06-01",La Rioja,auto,215
"2020-07-01",La Rioja,auto,152
"2020-08-01",La Rioja,auto,137
"2020-09-01",La Rioja,auto,168
"2020-10-01",La Rioja,auto,260
"2020-11-01",La Rioja,auto,205
"2020-12-01",La Rioja,auto,130
"2021-01-01",La Rioja,auto,278
"2021-02-01",La Rioja,auto,183
"2021-03-01",La Rioja,auto,218
"2021-04-01",La Rioja,auto,204
"2021-05-01",La Rioja,auto,140
"2021-06-01",La Rioja,auto,215
"2021-07-01",La Rioja,auto,158
"2021-08-01",La Rioja,auto,195
"2021-09-01",La Rioja,auto,152
"2021-10-01",La Rioja,auto,162
"2021-11-01",La Rioja,auto,171
"2021-12-01",La Rioja,auto,76
"2022-01-01",La Rioja,auto,246
"2022-02-01",La Rioja,auto,158
"2022-03-01",La Rioja,auto,170
"2022-04-01",La Rioja,auto,181
"2022-05-01",La Rioja,auto,183
"2022-06-01",La Rioja,auto,168
"2022-07-01",La Rioja,auto,205
"2022-08-01",La Rioja,auto,209
"2022-09-01",La Rioja,auto,147
"2022-10-01",La Rioja,auto,152
"2022-11-01",La Rioja,auto,131
"2022-12-01",La Rioja,auto,127
"2023-01-01",La Rioja,auto,273
"2023-02-01",La Rioja,auto,141
"2023-03-01",La Rioja,auto,168
"2023-04-01",La Rioja,auto,152
"2023-05-01",La Rioja,auto,184
"2023-06-01",La Rioja,auto,170
"2023-07-01",La Rioja,auto,214
"2023-08-01",La Rioja,auto,177
"2023-09-01",La Rioja,auto,143
"2023-10-01",La Rioja,auto,175
"2023-11-01",La Rioja,auto,171
"2023-12-01",La Rioja,auto,97
"2014-01-01",La Rioja,moto,1229
"2014-02-01",La Rioja,moto,647
"2014-03-01",La Rioja,moto,609
"2014-04-01",La Rioja,moto,662
"2014-05-01",La Rioja,moto,566
"2014-06-01",La Rioja,moto,570
"2014-07-01",La Rioja,moto,811
"2014-08-01",La Rioja,moto,735
"2014-09-01",La Rioja,moto,899
"2014-10-01",La Rioja,moto,785
"2014-11-01",La Rioja,moto,623
"2014-12-01",La Rioja,moto,545
"2015-01-01",La Rioja,moto,671
"2015-02-01",La Rioja,moto,548
"2015-03-01",La Rioja,moto,739
"2015-04-01",La Rioja,moto,793
"2015-05-01",La Rioja,moto,718
"2015-06-01",La Rioja,moto,782
"2015-07-01",La Rioja,moto,695
"2015-08-01",La Rioja,moto,775
"2015-09-01",La Rioja,moto,859
"2015-10-01",La Rioja,moto,869
"2015-11-01",La Rioja,moto,798
"2015-12-01",La Rioja,moto,663
"2016-01-01",La Rioja,moto,599
"2016-02-01",La Rioja,moto,601
"2016-03-01",La Rioja,moto,797
"2016-04-01",La Rioja,moto,802
"2016-05-01",La Rioja,moto,732
"2016-06-01",La Rioja,moto,567
"2016-07-01",La Rioja,moto,586
"2016-08-01",La Rioja,moto,711
"2016-09-01",La Rioja,moto,861
"2016-10-01",La Rioja,moto,687
"2016-11-01",La Rioja,moto,904
"2016-12-01",La Rioja,moto,932
"2017-01-01",La Rioja,moto,962
"2017-02-01",La Rioja,moto,708
"2017-03-01",La Rioja,moto,1288
"2017-04-01",La Rioja,moto,897
"2017-05-01",La Rioja,moto,1056
"2017-06-01",La Rioja,moto,986
"2017-07-01",La Rioja,moto,1057
"2017-08-01",La Rioja,moto,1105
"2017-09-01",La Rioja,moto,1173
"2017-10-01",La Rioja,moto,1146
"2017-11-01",La Rioja,moto,1106
"2017-12-01",La Rioja,moto,1019
"2018-01-01",La Rioja,moto,1078
"2018-02-01",La Rioja,moto,746
"2018-03-01",La Rioja,moto,971
"2018-04-01",La Rioja,moto,1060
"2018-05-01",La Rioja,moto,1193
"2018-06-01",La Rioja,moto,708
"2018-07-01",La Rioja,moto,551
"2018-08-01",La Rioja,moto,738
"2018-09-01",La Rioja,moto,492
"2018-10-01",La Rioja,moto,545
"2018-11-01",La Rioja,moto,560
"2018-12-01",La Rioja,moto,403
"2019-01-01",La Rioja,moto,646
"2019-02-01",La Rioja,moto,490
"2019-03-01",La Rioja,moto,491
"2019-04-01",La Rioja,moto,468
"2019-05-01",La Rioja,moto,441
"2019-06-01",La Rioja,moto,328
"2019-07-01",La Rioja,moto,342
"2019-08-01",La Rioja,moto,393
"2019-09-01",La Rioja,moto,249
"2019-10-01",La Rioja,moto,355
"2019-11-01",La Rioja,moto,260
"2019-12-01",La Rioja,moto,154
"2020-01-01",La Rioja,moto,376
"2020-02-01",La Rioja,moto,297
"2020-03-01",La Rioja,moto,272
"2020-04-01",La Rioja,moto,18
"2020-05-01",La Rioja,moto,160
"2020-06-01",La Rioja,moto,213
"2020-07-01",La Rioja,moto,170
"2020-08-01",La Rioja,moto,288
"2020-09-01",La Rioja,moto,89
"2020-10-01",La Rioja,moto,380
"2020-11-01",La Rioja,moto,335
"2020-12-01",La Rioja,moto,241
"2021-01-01",La Rioja,moto,345
"2021-02-01",La Rioja,moto,223
"2021-03-01",La Rioja,moto,397
"2021-04-01",La Rioja,moto,364
"2021-05-01",La Rioja,moto,308
"2021-06-01",La Rioja,moto,330
"2021-07-01",La Rioja,moto,336
"2021-08-01",La Rioja,moto,467
"2021-09-01",La Rioja,moto,401
"2021-10-01",La Rioja,moto,458
"2021-11-01",La Rioja,moto,528
"2021-12-01",La Rioja,moto,665
"2022-01-01",La Rioja,moto,429
"2022-02-01",La Rioja,moto,569
"2022-03-01",La Rioja,moto,627
"2022-04-01",La Rioja,moto,813
"2022-05-01",La Rioja,moto,678
"2022-06-01",La Rioja,moto,516
"2022-07-01",La Rioja,moto,494
"2022-08-01",La Rioja,moto,510
"2022-09-01",La Rioja,moto,440
"2022-10-01",La Rioja,moto,491
"2022-11-01",La Rioja,moto,436
"2022-12-01",La Rioja,moto,383
"2023-01-01",La Rioja,moto,398
"2023-02-01",La Rioja,moto,496
"2023-03-01",La Rioja,moto,729
"2023-04-01",La Rioja,moto,647
"2023-05-01",La Rioja,moto,580
"2023-06-01",La Rioja,moto,512
"2023-07-01",La Rioja,moto,498
"2023-08-01",La Rioja,moto,585
"2023-09-01",La Rioja,moto,477
"2023-10-01",La Rioja,moto,566
"2023-11-01",La Rioja,moto,516
"2023-12-01",La Rioja,moto,389
"2024-01-01",La Rioja,moto,365
"2024-01-01",La Rioja,auto,155
"2024-02-01",La Rioja,moto,365
"2024-02-01",La Rioja,auto,98
"2024-03-01",La Rioja,moto,304
"2024-03-01",La Rioja,auto,129
"2024-04-01",La Rioja,moto,472
"2024-04-01",La Rioja,auto,139
"2024-05-01",La Rioja,auto,148
"2024-05-01",La Rioja,moto,539
"2024-06-01",La Rioja,moto,419
"2024-06-01",La Rioja,auto,130
"2024-07-01",La Rioja,auto,190
"2024-07-01",La Rioja,moto,623
"2024-08-01",La Rioja,moto,795
"2024-08-01",La Rioja,auto,190
"2024-09-01",La Rioja,moto,550
"2024-09-01",La Rioja,auto,229
"2014-01-01",Mendoza,auto,4211
"2014-02-01",Mendoza,auto,2445
"2014-03-01",Mendoza,auto,2077
"2014-04-01",Mendoza,auto,2036
"2014-05-01",Mendoza,auto,2210
"2014-06-01",Mendoza,auto,2092
"2014-07-01",Mendoza,auto,2361
"2014-08-01",Mendoza,auto,2564
"2014-09-01",Mendoza,auto,2549
"2014-10-01",Mendoza,auto,2232
"2014-11-01",Mendoza,auto,1541
"2014-12-01",Mendoza,auto,1068
"2015-01-01",Mendoza,auto,2567
"2015-02-01",Mendoza,auto,1613
"2015-03-01",Mendoza,auto,1837
"2015-04-01",Mendoza,auto,1938
"2015-05-01",Mendoza,auto,1917
"2015-06-01",Mendoza,auto,2316
"2015-07-01",Mendoza,auto,2342
"2015-08-01",Mendoza,auto,2174
"2015-09-01",Mendoza,auto,2606
"2015-10-01",Mendoza,auto,2517
"2015-11-01",Mendoza,auto,1977
"2015-12-01",Mendoza,auto,1278
"2016-01-01",Mendoza,auto,1993
"2016-02-01",Mendoza,auto,1807
"2016-03-01",Mendoza,auto,2264
"2016-04-01",Mendoza,auto,2248
"2016-05-01",Mendoza,auto,2327
"2016-06-01",Mendoza,auto,1950
"2016-07-01",Mendoza,auto,2335
"2016-08-01",Mendoza,auto,2788
"2016-09-01",Mendoza,auto,2795
"2016-10-01",Mendoza,auto,2402
"2016-11-01",Mendoza,auto,2122
"2016-12-01",Mendoza,auto,1410
"2017-01-01",Mendoza,auto,3622
"2017-02-01",Mendoza,auto,2163
"2017-03-01",Mendoza,auto,3098
"2017-04-01",Mendoza,auto,2302
"2017-05-01",Mendoza,auto,3188
"2017-06-01",Mendoza,auto,2918
"2017-07-01",Mendoza,auto,3152
"2017-08-01",Mendoza,auto,3264
"2017-09-01",Mendoza,auto,3186
"2017-10-01",Mendoza,auto,2874
"2017-11-01",Mendoza,auto,2618
"2017-12-01",Mendoza,auto,1676
"2018-01-01",Mendoza,auto,4415
"2018-02-01",Mendoza,auto,2828
"2018-03-01",Mendoza,auto,3397
"2018-04-01",Mendoza,auto,2977
"2018-05-01",Mendoza,auto,3430
"2018-06-01",Mendoza,auto,2535
"2018-07-01",Mendoza,auto,2715
"2018-08-01",Mendoza,auto,2739
"2018-09-01",Mendoza,auto,2044
"2018-10-01",Mendoza,auto,1810
"2018-11-01",Mendoza,auto,1454
"2018-12-01",Mendoza,auto,1069
"2019-01-01",Mendoza,auto,2255
"2019-02-01",Mendoza,auto,1543
"2019-03-01",Mendoza,auto,1488
"2019-04-01",Mendoza,auto,1487
"2019-05-01",Mendoza,auto,1451
"2019-06-01",Mendoza,auto,1370
"2019-07-01",Mendoza,auto,1760
"2019-08-01",Mendoza,auto,1764
"2019-09-01",Mendoza,auto,1362
"2019-10-01",Mendoza,auto,1210
"2019-11-01",Mendoza,auto,984
"2019-12-01",Mendoza,auto,722
"2020-01-01",Mendoza,auto,1569
"2020-02-01",Mendoza,auto,1056
"2020-03-01",Mendoza,auto,570
"2020-04-01",Mendoza,auto,144
"2020-05-01",Mendoza,auto,812
"2020-06-01",Mendoza,auto,1592
"2020-07-01",Mendoza,auto,1152
"2020-08-01",Mendoza,auto,1243
"2020-09-01",Mendoza,auto,1260
"2020-10-01",Mendoza,auto,1335
"2020-11-01",Mendoza,auto,1220
"2020-12-01",Mendoza,auto,658
"2021-01-01",Mendoza,auto,1839
"2021-02-01",Mendoza,auto,1127
"2021-03-01",Mendoza,auto,1338
"2021-04-01",Mendoza,auto,1251
"2021-05-01",Mendoza,auto,805
"2021-06-01",Mendoza,auto,1368
"2021-07-01",Mendoza,auto,1109
"2021-08-01",Mendoza,auto,1114
"2021-09-01",Mendoza,auto,1173
"2021-10-01",Mendoza,auto,954
"2021-11-01",Mendoza,auto,946
"2021-12-01",Mendoza,auto,606
"2022-01-01",Mendoza,auto,1601
"2022-02-01",Mendoza,auto,981
"2022-03-01",Mendoza,auto,1191
"2022-04-01",Mendoza,auto,1215
"2022-05-01",Mendoza,auto,1265
"2022-06-01",Mendoza,auto,1214
"2022-07-01",Mendoza,auto,1311
"2022-08-01",Mendoza,auto,1409
"2022-09-01",Mendoza,auto,1191
"2022-10-01",Mendoza,auto,1163
"2022-11-01",Mendoza,auto,1158
"2022-12-01",Mendoza,auto,637
"2023-01-01",Mendoza,auto,1778
"2023-02-01",Mendoza,auto,1200
"2023-03-01",Mendoza,auto,1389
"2023-04-01",Mendoza,auto,1294
"2023-05-01",Mendoza,auto,1404
"2023-06-01",Mendoza,auto,1374
"2023-07-01",Mendoza,auto,1525
"2023-08-01",Mendoza,auto,1410
"2023-09-01",Mendoza,auto,1190
"2023-10-01",Mendoza,auto,1518
"2023-11-01",Mendoza,auto,1313
"2023-12-01",Mendoza,auto,702
"2014-01-01",Mendoza,moto,2922
"2014-02-01",Mendoza,moto,1728
"2014-03-01",Mendoza,moto,1230
"2014-04-01",Mendoza,moto,1234
"2014-05-01",Mendoza,moto,1219
"2014-06-01",Mendoza,moto,1129
"2014-07-01",Mendoza,moto,1294
"2014-08-01",Mendoza,moto,1445
"2014-09-01",Mendoza,moto,1776
"2014-10-01",Mendoza,moto,1725
"2014-11-01",Mendoza,moto,1409
"2014-12-01",Mendoza,moto,1182
"2015-01-01",Mendoza,moto,1674
"2015-02-01",Mendoza,moto,1431
"2015-03-01",Mendoza,moto,1592
"2015-04-01",Mendoza,moto,1539
"2015-05-01",Mendoza,moto,1337
"2015-06-01",Mendoza,moto,1343
"2015-07-01",Mendoza,moto,1321
"2015-08-01",Mendoza,moto,1311
"2015-09-01",Mendoza,moto,1595
"2015-10-01",Mendoza,moto,1461
"2015-11-01",Mendoza,moto,1413
"2015-12-01",Mendoza,moto,1335
"2016-01-01",Mendoza,moto,1393
"2016-02-01",Mendoza,moto,1238
"2016-03-01",Mendoza,moto,1379
"2016-04-01",Mendoza,moto,1156
"2016-05-01",Mendoza,moto,1035
"2016-06-01",Mendoza,moto,934
"2016-07-01",Mendoza,moto,1230
"2016-08-01",Mendoza,moto,1572
"2016-09-01",Mendoza,moto,1619
"2016-10-01",Mendoza,moto,1595
"2016-11-01",Mendoza,moto,1847
"2016-12-01",Mendoza,moto,1755
"2017-01-01",Mendoza,moto,2445
"2017-02-01",Mendoza,moto,1916
"2017-03-01",Mendoza,moto,2639
"2017-04-01",Mendoza,moto,1836
"2017-05-01",Mendoza,moto,2049
"2017-06-01",Mendoza,moto,2098
"2017-07-01",Mendoza,moto,1726
"2017-08-01",Mendoza,moto,2215
"2017-09-01",Mendoza,moto,2337
"2017-10-01",Mendoza,moto,2395
"2017-11-01",Mendoza,moto,2495
"2017-12-01",Mendoza,moto,2012
"2018-01-01",Mendoza,moto,2985
"2018-02-01",Mendoza,moto,2326
"2018-03-01",Mendoza,moto,2844
"2018-04-01",Mendoza,moto,2569
"2018-05-01",Mendoza,moto,2265
"2018-06-01",Mendoza,moto,1516
"2018-07-01",Mendoza,moto,1233
"2018-08-01",Mendoza,moto,1696
"2018-09-01",Mendoza,moto,1271
"2018-10-01",Mendoza,moto,1473
"2018-11-01",Mendoza,moto,1065
"2018-12-01",Mendoza,moto,801
"2019-01-01",Mendoza,moto,1618
"2019-02-01",Mendoza,moto,1235
"2019-03-01",Mendoza,moto,1167
"2019-04-01",Mendoza,moto,964
"2019-05-01",Mendoza,moto,782
"2019-06-01",Mendoza,moto,626
"2019-07-01",Mendoza,moto,900
"2019-08-01",Mendoza,moto,855
"2019-09-01",Mendoza,moto,591
"2019-10-01",Mendoza,moto,770
"2019-11-01",Mendoza,moto,624
"2019-12-01",Mendoza,moto,534
"2020-01-01",Mendoza,moto,863
"2020-02-01",Mendoza,moto,674
"2020-03-01",Mendoza,moto,650
"2020-04-01",Mendoza,moto,180
"2020-05-01",Mendoza,moto,536
"2020-06-01",Mendoza,moto,703
"2020-07-01",Mendoza,moto,668
"2020-08-01",Mendoza,moto,715
"2020-09-01",Mendoza,moto,821
"2020-10-01",Mendoza,moto,847
"2020-11-01",Mendoza,moto,767
"2020-12-01",Mendoza,moto,655
"2021-01-01",Mendoza,moto,944
"2021-02-01",Mendoza,moto,791
"2021-03-01",Mendoza,moto,990
"2021-04-01",Mendoza,moto,824
"2021-05-01",Mendoza,moto,541
"2021-06-01",Mendoza,moto,801
"2021-07-01",Mendoza,moto,822
"2021-08-01",Mendoza,moto,1004
"2021-09-01",Mendoza,moto,1090
"2021-10-01",Mendoza,moto,992
"2021-11-01",Mendoza,moto,928
"2021-12-01",Mendoza,moto,909
"2022-01-01",Mendoza,moto,1096
"2022-02-01",Mendoza,moto,1031
"2022-03-01",Mendoza,moto,1307
"2022-04-01",Mendoza,moto,1195
"2022-05-01",Mendoza,moto,1289
"2022-06-01",Mendoza,moto,974
"2022-07-01",Mendoza,moto,901
"2022-08-01",Mendoza,moto,891
"2022-09-01",Mendoza,moto,879
"2022-10-01",Mendoza,moto,789
"2022-11-01",Mendoza,moto,1020
"2022-12-01",Mendoza,moto,844
"2023-01-01",Mendoza,moto,1195
"2023-02-01",Mendoza,moto,1072
"2023-03-01",Mendoza,moto,1607
"2023-04-01",Mendoza,moto,1205
"2023-05-01",Mendoza,moto,1155
"2023-06-01",Mendoza,moto,885
"2023-07-01",Mendoza,moto,923
"2023-08-01",Mendoza,moto,1243
"2023-09-01",Mendoza,moto,990
"2023-10-01",Mendoza,moto,1362
"2023-11-01",Mendoza,moto,1294
"2023-12-01",Mendoza,moto,1082
"2024-01-01",Mendoza,moto,1003
"2024-01-01",Mendoza,auto,1474
"2024-02-01",Mendoza,moto,1071
"2024-02-01",Mendoza,auto,1015
"2024-03-01",Mendoza,moto,993
"2024-03-01",Mendoza,auto,1140
"2024-04-01",Mendoza,moto,1311
"2024-04-01",Mendoza,auto,1328
"2024-05-01",Mendoza,auto,1495
"2024-05-01",Mendoza,moto,1288
"2024-06-01",Mendoza,moto,979
"2024-06-01",Mendoza,auto,1225
"2024-07-01",Mendoza,auto,1679
"2024-07-01",Mendoza,moto,1201
"2024-08-01",Mendoza,moto,1762
"2024-08-01",Mendoza,auto,1574
"2024-09-01",Mendoza,moto,1468
"2024-09-01",Mendoza,auto,1741
"2014-01-01",Misiones,auto,2105
"2014-02-01",Misiones,auto,1009
"2014-03-01",Misiones,auto,868
"2014-04-01",Misiones,auto,837
"2014-05-01",Misiones,auto,900
"2014-06-01",Misiones,auto,898
"2014-07-01",Misiones,auto,1131
"2014-08-01",Misiones,auto,1068
"2014-09-01",Misiones,auto,1097
"2014-10-01",Misiones,auto,965
"2014-11-01",Misiones,auto,721
"2014-12-01",Misiones,auto,443
"2015-01-01",Misiones,auto,1340
"2015-02-01",Misiones,auto,750
"2015-03-01",Misiones,auto,903
"2015-04-01",Misiones,auto,949
"2015-05-01",Misiones,auto,800
"2015-06-01",Misiones,auto,1113
"2015-07-01",Misiones,auto,1070
"2015-08-01",Misiones,auto,1083
"2015-09-01",Misiones,auto,1257
"2015-10-01",Misiones,auto,1163
"2015-11-01",Misiones,auto,894
"2015-12-01",Misiones,auto,486
"2016-01-01",Misiones,auto,1132
"2016-02-01",Misiones,auto,817
"2016-03-01",Misiones,auto,964
"2016-04-01",Misiones,auto,1039
"2016-05-01",Misiones,auto,971
"2016-06-01",Misiones,auto,993
"2016-07-01",Misiones,auto,1025
"2016-08-01",Misiones,auto,1275
"2016-09-01",Misiones,auto,1162
"2016-10-01",Misiones,auto,1007
"2016-11-01",Misiones,auto,864
"2016-12-01",Misiones,auto,541
"2017-01-01",Misiones,auto,1712
"2017-02-01",Misiones,auto,885
"2017-03-01",Misiones,auto,1243
"2017-04-01",Misiones,auto,1012
"2017-05-01",Misiones,auto,1337
"2017-06-01",Misiones,auto,1298
"2017-07-01",Misiones,auto,1359
"2017-08-01",Misiones,auto,1480
"2017-09-01",Misiones,auto,1436
"2017-10-01",Misiones,auto,1247
"2017-11-01",Misiones,auto,1103
"2017-12-01",Misiones,auto,643
"2018-01-01",Misiones,auto,2210
"2018-02-01",Misiones,auto,1047
"2018-03-01",Misiones,auto,1337
"2018-04-01",Misiones,auto,1185
"2018-05-01",Misiones,auto,1295
"2018-06-01",Misiones,auto,1016
"2018-07-01",Misiones,auto,1100
"2018-08-01",Misiones,auto,982
"2018-09-01",Misiones,auto,849
"2018-10-01",Misiones,auto,673
"2018-11-01",Misiones,auto,480
"2018-12-01",Misiones,auto,396
"2019-01-01",Misiones,auto,805
"2019-02-01",Misiones,auto,546
"2019-03-01",Misiones,auto,556
"2019-04-01",Misiones,auto,499
"2019-05-01",Misiones,auto,490
"2019-06-01",Misiones,auto,504
"2019-07-01",Misiones,auto,625
"2019-08-01",Misiones,auto,614
"2019-09-01",Misiones,auto,443
"2019-10-01",Misiones,auto,467
"2019-11-01",Misiones,auto,340
"2019-12-01",Misiones,auto,292
"2020-01-01",Misiones,auto,693
"2020-02-01",Misiones,auto,330
"2020-03-01",Misiones,auto,208
"2020-04-01",Misiones,auto,75
"2020-05-01",Misiones,auto,306
"2020-06-01",Misiones,auto,489
"2020-07-01",Misiones,auto,520
"2020-08-01",Misiones,auto,507
"2020-09-01",Misiones,auto,564
"2020-10-01",Misiones,auto,632
"2020-11-01",Misiones,auto,626
"2020-12-01",Misiones,auto,303
"2021-01-01",Misiones,auto,839
"2021-02-01",Misiones,auto,489
"2021-03-01",Misiones,auto,559
"2021-04-01",Misiones,auto,493
"2021-05-01",Misiones,auto,390
"2021-06-01",Misiones,auto,579
"2021-07-01",Misiones,auto,505
"2021-08-01",Misiones,auto,467
"2021-09-01",Misiones,auto,483
"2021-10-01",Misiones,auto,436
"2021-11-01",Misiones,auto,413
"2021-12-01",Misiones,auto,235
"2022-01-01",Misiones,auto,702
"2022-02-01",Misiones,auto,443
"2022-03-01",Misiones,auto,557
"2022-04-01",Misiones,auto,522
"2022-05-01",Misiones,auto,502
"2022-06-01",Misiones,auto,521
"2022-07-01",Misiones,auto,598
"2022-08-01",Misiones,auto,551
"2022-09-01",Misiones,auto,536
"2022-10-01",Misiones,auto,436
"2022-11-01",Misiones,auto,459
"2022-12-01",Misiones,auto,263
"2023-01-01",Misiones,auto,831
"2023-02-01",Misiones,auto,439
"2023-03-01",Misiones,auto,594
"2023-04-01",Misiones,auto,537
"2023-05-01",Misiones,auto,561
"2023-06-01",Misiones,auto,604
"2023-07-01",Misiones,auto,654
"2023-08-01",Misiones,auto,542
"2023-09-01",Misiones,auto,471
"2023-10-01",Misiones,auto,561
"2023-11-01",Misiones,auto,466
"2023-12-01",Misiones,auto,228
"2014-01-01",Misiones,moto,2648
"2014-02-01",Misiones,moto,1302
"2014-03-01",Misiones,moto,1125
"2014-04-01",Misiones,moto,1318
"2014-05-01",Misiones,moto,1444
"2014-06-01",Misiones,moto,1338
"2014-07-01",Misiones,moto,1626
"2014-08-01",Misiones,moto,1716
"2014-09-01",Misiones,moto,1816
"2014-10-01",Misiones,moto,1497
"2014-11-01",Misiones,moto,1007
"2014-12-01",Misiones,moto,1065
"2015-01-01",Misiones,moto,1439
"2015-02-01",Misiones,moto,1141
"2015-03-01",Misiones,moto,1644
"2015-04-01",Misiones,moto,1505
"2015-05-01",Misiones,moto,1411
"2015-06-01",Misiones,moto,1510
"2015-07-01",Misiones,moto,1381
"2015-08-01",Misiones,moto,1505
"2015-09-01",Misiones,moto,1615
"2015-10-01",Misiones,moto,1518
"2015-11-01",Misiones,moto,1335
"2015-12-01",Misiones,moto,1198
"2016-01-01",Misiones,moto,1132
"2016-02-01",Misiones,moto,963
"2016-03-01",Misiones,moto,1227
"2016-04-01",Misiones,moto,1306
"2016-05-01",Misiones,moto,1156
"2016-06-01",Misiones,moto,986
"2016-07-01",Misiones,moto,1217
"2016-08-01",Misiones,moto,1548
"2016-09-01",Misiones,moto,1106
"2016-10-01",Misiones,moto,1153
"2016-11-01",Misiones,moto,1208
"2016-12-01",Misiones,moto,1450
"2017-01-01",Misiones,moto,1768
"2017-02-01",Misiones,moto,1397
"2017-03-01",Misiones,moto,1945
"2017-04-01",Misiones,moto,1654
"2017-05-01",Misiones,moto,1499
"2017-06-01",Misiones,moto,1311
"2017-07-01",Misiones,moto,1716
"2017-08-01",Misiones,moto,2015
"2017-09-01",Misiones,moto,1974
"2017-10-01",Misiones,moto,2019
"2017-11-01",Misiones,moto,1938
"2017-12-01",Misiones,moto,1883
"2018-01-01",Misiones,moto,2143
"2018-02-01",Misiones,moto,1597
"2018-03-01",Misiones,moto,2077
"2018-04-01",Misiones,moto,2111
"2018-05-01",Misiones,moto,2196
"2018-06-01",Misiones,moto,1418
"2018-07-01",Misiones,moto,1304
"2018-08-01",Misiones,moto,1358
"2018-09-01",Misiones,moto,909
"2018-10-01",Misiones,moto,942
"2018-11-01",Misiones,moto,962
"2018-12-01",Misiones,moto,811
"2019-01-01",Misiones,moto,1279
"2019-02-01",Misiones,moto,964
"2019-03-01",Misiones,moto,880
"2019-04-01",Misiones,moto,929
"2019-05-01",Misiones,moto,686
"2019-06-01",Misiones,moto,684
"2019-07-01",Misiones,moto,912
"2019-08-01",Misiones,moto,656
"2019-09-01",Misiones,moto,407
"2019-10-01",Misiones,moto,466
"2019-11-01",Misiones,moto,357
"2019-12-01",Misiones,moto,426
"2020-01-01",Misiones,moto,626
"2020-02-01",Misiones,moto,546
"2020-03-01",Misiones,moto,564
"2020-04-01",Misiones,moto,150
"2020-05-01",Misiones,moto,475
"2020-06-01",Misiones,moto,681
"2020-07-01",Misiones,moto,934
"2020-08-01",Misiones,moto,993
"2020-09-01",Misiones,moto,1020
"2020-10-01",Misiones,moto,962
"2020-11-01",Misiones,moto,699
"2020-12-01",Misiones,moto,609
"2021-01-01",Misiones,moto,868
"2021-02-01",Misiones,moto,697
"2021-03-01",Misiones,moto,1116
"2021-04-01",Misiones,moto,1128
"2021-05-01",Misiones,moto,903
"2021-06-01",Misiones,moto,1399
"2021-07-01",Misiones,moto,1138
"2021-08-01",Misiones,moto,1381
"2021-09-01",Misiones,moto,1520
"2021-10-01",Misiones,moto,1242
"2021-11-01",Misiones,moto,1170
"2021-12-01",Misiones,moto,1037
"2022-01-01",Misiones,moto,1129
"2022-02-01",Misiones,moto,976
"2022-03-01",Misiones,moto,1342
"2022-04-01",Misiones,moto,1172
"2022-05-01",Misiones,moto,1181
"2022-06-01",Misiones,moto,997
"2022-07-01",Misiones,moto,1091
"2022-08-01",Misiones,moto,1019
"2022-09-01",Misiones,moto,983
"2022-10-01",Misiones,moto,840
"2022-11-01",Misiones,moto,851
"2022-12-01",Misiones,moto,744
"2023-01-01",Misiones,moto,1128
"2023-02-01",Misiones,moto,1162
"2023-03-01",Misiones,moto,1427
"2023-04-01",Misiones,moto,1220
"2023-05-01",Misiones,moto,1057
"2023-06-01",Misiones,moto,1002
"2023-07-01",Misiones,moto,1208
"2023-08-01",Misiones,moto,1301
"2023-09-01",Misiones,moto,810
"2023-10-01",Misiones,moto,1000
"2023-11-01",Misiones,moto,805
"2023-12-01",Misiones,moto,686
"2024-01-01",Misiones,moto,788
"2024-01-01",Misiones,auto,450
"2024-02-01",Misiones,moto,805
"2024-02-01",Misiones,auto,349
"2024-03-01",Misiones,moto,757
"2024-03-01",Misiones,auto,421
"2024-04-01",Misiones,moto,1251
"2024-04-01",Misiones,auto,461
"2024-05-01",Misiones,auto,409
"2024-05-01",Misiones,moto,1230
"2024-06-01",Misiones,moto,1023
"2024-06-01",Misiones,auto,405
"2024-07-01",Misiones,auto,509
"2024-07-01",Misiones,moto,1263
"2024-08-01",Misiones,moto,1521
"2024-08-01",Misiones,auto,556
"2024-09-01",Misiones,moto,1240
"2024-09-01",Misiones,auto,552
"2014-01-01",Neuquen,auto,2344
"2014-02-01",Neuquen,auto,1360
"2014-03-01",Neuquen,auto,1207
"2014-04-01",Neuquen,auto,1384
"2014-05-01",Neuquen,auto,1474
"2014-06-01",Neuquen,auto,1352
"2014-07-01",Neuquen,auto,1572
"2014-08-01",Neuquen,auto,1375
"2014-09-01",Neuquen,auto,1445
"2014-10-01",Neuquen,auto,1472
"2014-11-01",Neuquen,auto,1071
"2014-12-01",Neuquen,auto,847
"2015-01-01",Neuquen,auto,1816
"2015-02-01",Neuquen,auto,1199
"2015-03-01",Neuquen,auto,1617
"2015-04-01",Neuquen,auto,1449
"2015-05-01",Neuquen,auto,1313
"2015-06-01",Neuquen,auto,1649
"2015-07-01",Neuquen,auto,1677
"2015-08-01",Neuquen,auto,1693
"2015-09-01",Neuquen,auto,1937
"2015-10-01",Neuquen,auto,1672
"2015-11-01",Neuquen,auto,1174
"2015-12-01",Neuquen,auto,762
"2016-01-01",Neuquen,auto,1322
"2016-02-01",Neuquen,auto,1116
"2016-03-01",Neuquen,auto,1396
"2016-04-01",Neuquen,auto,1506
"2016-05-01",Neuquen,auto,1447
"2016-06-01",Neuquen,auto,1154
"2016-07-01",Neuquen,auto,1453
"2016-08-01",Neuquen,auto,1640
"2016-09-01",Neuquen,auto,1637
"2016-10-01",Neuquen,auto,1394
"2016-11-01",Neuquen,auto,1353
"2016-12-01",Neuquen,auto,938
"2017-01-01",Neuquen,auto,2122
"2017-02-01",Neuquen,auto,1395
"2017-03-01",Neuquen,auto,1721
"2017-04-01",Neuquen,auto,1519
"2017-05-01",Neuquen,auto,1854
"2017-06-01",Neuquen,auto,1843
"2017-07-01",Neuquen,auto,1862
"2017-08-01",Neuquen,auto,1990
"2017-09-01",Neuquen,auto,1874
"2017-10-01",Neuquen,auto,1802
"2017-11-01",Neuquen,auto,1646
"2017-12-01",Neuquen,auto,1097
"2018-01-01",Neuquen,auto,2691
"2018-02-01",Neuquen,auto,1702
"2018-03-01",Neuquen,auto,1945
"2018-04-01",Neuquen,auto,1862
"2018-05-01",Neuquen,auto,1958
"2018-06-01",Neuquen,auto,1560
"2018-07-01",Neuquen,auto,1676
"2018-08-01",Neuquen,auto,1753
"2018-09-01",Neuquen,auto,1495
"2018-10-01",Neuquen,auto,1385
"2018-11-01",Neuquen,auto,1301
"2018-12-01",Neuquen,auto,810
"2019-01-01",Neuquen,auto,1813
"2019-02-01",Neuquen,auto,1393
"2019-03-01",Neuquen,auto,1241
"2019-04-01",Neuquen,auto,1218
"2019-05-01",Neuquen,auto,1122
"2019-06-01",Neuquen,auto,1083
"2019-07-01",Neuquen,auto,1485
"2019-08-01",Neuquen,auto,1481
"2019-09-01",Neuquen,auto,1198
"2019-10-01",Neuquen,auto,1011
"2019-11-01",Neuquen,auto,757
"2019-12-01",Neuquen,auto,531
"2020-01-01",Neuquen,auto,1348
"2020-02-01",Neuquen,auto,873
"2020-03-01",Neuquen,auto,545
"2020-04-01",Neuquen,auto,126
"2020-05-01",Neuquen,auto,533
"2020-06-01",Neuquen,auto,937
"2020-07-01",Neuquen,auto,813
"2020-08-01",Neuquen,auto,691
"2020-09-01",Neuquen,auto,814
"2020-10-01",Neuquen,auto,810
"2020-11-01",Neuquen,auto,730
"2020-12-01",Neuquen,auto,384
"2021-01-01",Neuquen,auto,1209
"2021-02-01",Neuquen,auto,786
"2021-03-01",Neuquen,auto,853
"2021-04-01",Neuquen,auto,687
"2021-05-01",Neuquen,auto,509
"2021-06-01",Neuquen,auto,798
"2021-07-01",Neuquen,auto,767
"2021-08-01",Neuquen,auto,709
"2021-09-01",Neuquen,auto,646
"2021-10-01",Neuquen,auto,633
"2021-11-01",Neuquen,auto,623
"2021-12-01",Neuquen,auto,419
"2022-01-01",Neuquen,auto,939
"2022-02-01",Neuquen,auto,648
"2022-03-01",Neuquen,auto,838
"2022-04-01",Neuquen,auto,863
"2022-05-01",Neuquen,auto,828
"2022-06-01",Neuquen,auto,862
"2022-07-01",Neuquen,auto,878
"2022-08-01",Neuquen,auto,965
"2022-09-01",Neuquen,auto,974
"2022-10-01",Neuquen,auto,896
"2022-11-01",Neuquen,auto,893
"2022-12-01",Neuquen,auto,498
"2023-01-01",Neuquen,auto,1325
"2023-02-01",Neuquen,auto,840
"2023-03-01",Neuquen,auto,1025
"2023-04-01",Neuquen,auto,1002
"2023-05-01",Neuquen,auto,1024
"2023-06-01",Neuquen,auto,1182
"2023-07-01",Neuquen,auto,1219
"2023-08-01",Neuquen,auto,1148
"2023-09-01",Neuquen,auto,933
"2023-10-01",Neuquen,auto,1090
"2023-11-01",Neuquen,auto,933
"2023-12-01",Neuquen,auto,499
"2014-01-01",Neuquen,moto,976
"2014-02-01",Neuquen,moto,517
"2014-03-01",Neuquen,moto,507
"2014-04-01",Neuquen,moto,345
"2014-05-01",Neuquen,moto,406
"2014-06-01",Neuquen,moto,408
"2014-07-01",Neuquen,moto,496
"2014-08-01",Neuquen,moto,506
"2014-09-01",Neuquen,moto,676
"2014-10-01",Neuquen,moto,645
"2014-11-01",Neuquen,moto,515
"2014-12-01",Neuquen,moto,507
"2015-01-01",Neuquen,moto,676
"2015-02-01",Neuquen,moto,516
"2015-03-01",Neuquen,moto,681
"2015-04-01",Neuquen,moto,507
"2015-05-01",Neuquen,moto,434
"2015-06-01",Neuquen,moto,430
"2015-07-01",Neuquen,moto,523
"2015-08-01",Neuquen,moto,517
"2015-09-01",Neuquen,moto,654
"2015-10-01",Neuquen,moto,649
"2015-11-01",Neuquen,moto,717
"2015-12-01",Neuquen,moto,596
"2016-01-01",Neuquen,moto,575
"2016-02-01",Neuquen,moto,475
"2016-03-01",Neuquen,moto,530
"2016-04-01",Neuquen,moto,521
"2016-05-01",Neuquen,moto,425
"2016-06-01",Neuquen,moto,367
"2016-07-01",Neuquen,moto,446
"2016-08-01",Neuquen,moto,574
"2016-09-01",Neuquen,moto,767
"2016-10-01",Neuquen,moto,677
"2016-11-01",Neuquen,moto,671
"2016-12-01",Neuquen,moto,738
"2017-01-01",Neuquen,moto,852
"2017-02-01",Neuquen,moto,685
"2017-03-01",Neuquen,moto,800
"2017-04-01",Neuquen,moto,600
"2017-05-01",Neuquen,moto,611
"2017-06-01",Neuquen,moto,474
"2017-07-01",Neuquen,moto,499
"2017-08-01",Neuquen,moto,518
"2017-09-01",Neuquen,moto,592
"2017-10-01",Neuquen,moto,629
"2017-11-01",Neuquen,moto,619
"2017-12-01",Neuquen,moto,534
"2018-01-01",Neuquen,moto,755
"2018-02-01",Neuquen,moto,506
"2018-03-01",Neuquen,moto,632
"2018-04-01",Neuquen,moto,425
"2018-05-01",Neuquen,moto,496
"2018-06-01",Neuquen,moto,277
"2018-07-01",Neuquen,moto,315
"2018-08-01",Neuquen,moto,386
"2018-09-01",Neuquen,moto,386
"2018-10-01",Neuquen,moto,394
"2018-11-01",Neuquen,moto,388
"2018-12-01",Neuquen,moto,381
"2019-01-01",Neuquen,moto,520
"2019-02-01",Neuquen,moto,417
"2019-03-01",Neuquen,moto,403
"2019-04-01",Neuquen,moto,345
"2019-05-01",Neuquen,moto,282
"2019-06-01",Neuquen,moto,175
"2019-07-01",Neuquen,moto,283
"2019-08-01",Neuquen,moto,295
"2019-09-01",Neuquen,moto,196
"2019-10-01",Neuquen,moto,291
"2019-11-01",Neuquen,moto,234
"2019-12-01",Neuquen,moto,215
"2020-01-01",Neuquen,moto,324
"2020-02-01",Neuquen,moto,264
"2020-03-01",Neuquen,moto,212
"2020-04-01",Neuquen,moto,26
"2020-05-01",Neuquen,moto,112
"2020-06-01",Neuquen,moto,194
"2020-07-01",Neuquen,moto,159
"2020-08-01",Neuquen,moto,249
"2020-09-01",Neuquen,moto,266
"2020-10-01",Neuquen,moto,228
"2020-11-01",Neuquen,moto,227
"2020-12-01",Neuquen,moto,210
"2021-01-01",Neuquen,moto,293
"2021-02-01",Neuquen,moto,262
"2021-03-01",Neuquen,moto,296
"2021-04-01",Neuquen,moto,319
"2021-05-01",Neuquen,moto,208
"2021-06-01",Neuquen,moto,293
"2021-07-01",Neuquen,moto,306
"2021-08-01",Neuquen,moto,288
"2021-09-01",Neuquen,moto,343
"2021-10-01",Neuquen,moto,326
"2021-11-01",Neuquen,moto,343
"2021-12-01",Neuquen,moto,267
"2022-01-01",Neuquen,moto,287
"2022-02-01",Neuquen,moto,319
"2022-03-01",Neuquen,moto,438
"2022-04-01",Neuquen,moto,353
"2022-05-01",Neuquen,moto,337
"2022-06-01",Neuquen,moto,326
"2022-07-01",Neuquen,moto,365
"2022-08-01",Neuquen,moto,320
"2022-09-01",Neuquen,moto,334
"2022-10-01",Neuquen,moto,308
"2022-11-01",Neuquen,moto,317
"2022-12-01",Neuquen,moto,319
"2023-01-01",Neuquen,moto,494
"2023-02-01",Neuquen,moto,406
"2023-03-01",Neuquen,moto,556
"2023-04-01",Neuquen,moto,440
"2023-05-01",Neuquen,moto,442
"2023-06-01",Neuquen,moto,380
"2023-07-01",Neuquen,moto,367
"2023-08-01",Neuquen,moto,561
"2023-09-01",Neuquen,moto,412
"2023-10-01",Neuquen,moto,529
"2023-11-01",Neuquen,moto,488
"2023-12-01",Neuquen,moto,375
"2024-01-01",Neuquen,moto,372
"2024-01-01",Neuquen,auto,1003
"2024-02-01",Neuquen,moto,367
"2024-02-01",Neuquen,auto,791
"2024-03-01",Neuquen,moto,415
"2024-03-01",Neuquen,auto,824
"2024-04-01",Neuquen,moto,527
"2024-04-01",Neuquen,auto,1165
"2024-05-01",Neuquen,auto,1157
"2024-05-01",Neuquen,moto,585
"2024-06-01",Neuquen,moto,346
"2024-06-01",Neuquen,auto,1005
"2024-07-01",Neuquen,auto,1406
"2024-07-01",Neuquen,moto,622
"2024-08-01",Neuquen,moto,783
"2024-08-01",Neuquen,auto,1249
"2024-09-01",Neuquen,moto,791
"2024-09-01",Neuquen,auto,1558
"2014-01-01",Rio Negro,auto,1537
"2014-02-01",Rio Negro,auto,951
"2014-03-01",Rio Negro,auto,807
"2014-04-01",Rio Negro,auto,875
"2014-05-01",Rio Negro,auto,942
"2014-06-01",Rio Negro,auto,853
"2014-07-01",Rio Negro,auto,1035
"2014-08-01",Rio Negro,auto,975
"2014-09-01",Rio Negro,auto,903
"2014-10-01",Rio Negro,auto,868
"2014-11-01",Rio Negro,auto,677
"2014-12-01",Rio Negro,auto,532
"2015-01-01",Rio Negro,auto,1114
"2015-02-01",Rio Negro,auto,698
"2015-03-01",Rio Negro,auto,874
"2015-04-01",Rio Negro,auto,872
"2015-05-01",Rio Negro,auto,851
"2015-06-01",Rio Negro,auto,1053
"2015-07-01",Rio Negro,auto,1083
"2015-08-01",Rio Negro,auto,1022
"2015-09-01",Rio Negro,auto,1195
"2015-10-01",Rio Negro,auto,1091
"2015-11-01",Rio Negro,auto,911
"2015-12-01",Rio Negro,auto,511
"2016-01-01",Rio Negro,auto,881
"2016-02-01",Rio Negro,auto,829
"2016-03-01",Rio Negro,auto,922
"2016-04-01",Rio Negro,auto,1011
"2016-05-01",Rio Negro,auto,1009
"2016-06-01",Rio Negro,auto,892
"2016-07-01",Rio Negro,auto,1027
"2016-08-01",Rio Negro,auto,1156
"2016-09-01",Rio Negro,auto,1158
"2016-10-01",Rio Negro,auto,1068
"2016-11-01",Rio Negro,auto,1019
"2016-12-01",Rio Negro,auto,582
"2017-01-01",Rio Negro,auto,1618
"2017-02-01",Rio Negro,auto,979
"2017-03-01",Rio Negro,auto,1344
"2017-04-01",Rio Negro,auto,1122
"2017-05-01",Rio Negro,auto,1336
"2017-06-01",Rio Negro,auto,1322
"2017-07-01",Rio Negro,auto,1327
"2017-08-01",Rio Negro,auto,1388
"2017-09-01",Rio Negro,auto,1304
"2017-10-01",Rio Negro,auto,1302
"2017-11-01",Rio Negro,auto,1235
"2017-12-01",Rio Negro,auto,770
"2018-01-01",Rio Negro,auto,2060
"2018-02-01",Rio Negro,auto,1200
"2018-03-01",Rio Negro,auto,1503
"2018-04-01",Rio Negro,auto,1352
"2018-05-01",Rio Negro,auto,1465
"2018-06-01",Rio Negro,auto,1179
"2018-07-01",Rio Negro,auto,1013
"2018-08-01",Rio Negro,auto,1097
"2018-09-01",Rio Negro,auto,882
"2018-10-01",Rio Negro,auto,828
"2018-11-01",Rio Negro,auto,689
"2018-12-01",Rio Negro,auto,495
"2019-01-01",Rio Negro,auto,1058
"2019-02-01",Rio Negro,auto,703
"2019-03-01",Rio Negro,auto,682
"2019-04-01",Rio Negro,auto,694
"2019-05-01",Rio Negro,auto,622
"2019-06-01",Rio Negro,auto,674
"2019-07-01",Rio Negro,auto,797
"2019-08-01",Rio Negro,auto,735
"2019-09-01",Rio Negro,auto,608
"2019-10-01",Rio Negro,auto,522
"2019-11-01",Rio Negro,auto,359
"2019-12-01",Rio Negro,auto,343
"2020-01-01",Rio Negro,auto,761
"2020-02-01",Rio Negro,auto,504
"2020-03-01",Rio Negro,auto,292
"2020-04-01",Rio Negro,auto,62
"2020-05-01",Rio Negro,auto,296
"2020-06-01",Rio Negro,auto,532
"2020-07-01",Rio Negro,auto,464
"2020-08-01",Rio Negro,auto,418
"2020-09-01",Rio Negro,auto,517
"2020-10-01",Rio Negro,auto,592
"2020-11-01",Rio Negro,auto,542
"2020-12-01",Rio Negro,auto,290
"2021-01-01",Rio Negro,auto,736
"2021-02-01",Rio Negro,auto,430
"2021-03-01",Rio Negro,auto,553
"2021-04-01",Rio Negro,auto,427
"2021-05-01",Rio Negro,auto,308
"2021-06-01",Rio Negro,auto,521
"2021-07-01",Rio Negro,auto,463
"2021-08-01",Rio Negro,auto,425
"2021-09-01",Rio Negro,auto,424
"2021-10-01",Rio Negro,auto,357
"2021-11-01",Rio Negro,auto,357
"2021-12-01",Rio Negro,auto,272
"2022-01-01",Rio Negro,auto,549
"2022-02-01",Rio Negro,auto,387
"2022-03-01",Rio Negro,auto,482
"2022-04-01",Rio Negro,auto,403
"2022-05-01",Rio Negro,auto,447
"2022-06-01",Rio Negro,auto,479
"2022-07-01",Rio Negro,auto,474
"2022-08-01",Rio Negro,auto,531
"2022-09-01",Rio Negro,auto,470
"2022-10-01",Rio Negro,auto,408
"2022-11-01",Rio Negro,auto,449
"2022-12-01",Rio Negro,auto,340
"2023-01-01",Rio Negro,auto,682
"2023-02-01",Rio Negro,auto,403
"2023-03-01",Rio Negro,auto,596
"2023-04-01",Rio Negro,auto,495
"2023-05-01",Rio Negro,auto,504
"2023-06-01",Rio Negro,auto,540
"2023-07-01",Rio Negro,auto,600
"2023-08-01",Rio Negro,auto,611
"2023-09-01",Rio Negro,auto,482
"2023-10-01",Rio Negro,auto,608
"2023-11-01",Rio Negro,auto,535
"2023-12-01",Rio Negro,auto,353
"2014-01-01",Rio Negro,moto,1071
"2014-02-01",Rio Negro,moto,644
"2014-03-01",Rio Negro,moto,582
"2014-04-01",Rio Negro,moto,484
"2014-05-01",Rio Negro,moto,402
"2014-06-01",Rio Negro,moto,387
"2014-07-01",Rio Negro,moto,427
"2014-08-01",Rio Negro,moto,461
"2014-09-01",Rio Negro,moto,625
"2014-10-01",Rio Negro,moto,589
"2014-11-01",Rio Negro,moto,458
"2014-12-01",Rio Negro,moto,519
"2015-01-01",Rio Negro,moto,679
"2015-02-01",Rio Negro,moto,576
"2015-03-01",Rio Negro,moto,707
"2015-04-01",Rio Negro,moto,667
"2015-05-01",Rio Negro,moto,504
"2015-06-01",Rio Negro,moto,535
"2015-07-01",Rio Negro,moto,595
"2015-08-01",Rio Negro,moto,586
"2015-09-01",Rio Negro,moto,653
"2015-10-01",Rio Negro,moto,598
"2015-11-01",Rio Negro,moto,688
"2015-12-01",Rio Negro,moto,658
"2016-01-01",Rio Negro,moto,562
"2016-02-01",Rio Negro,moto,508
"2016-03-01",Rio Negro,moto,661
"2016-04-01",Rio Negro,moto,520
"2016-05-01",Rio Negro,moto,469
"2016-06-01",Rio Negro,moto,389
"2016-07-01",Rio Negro,moto,455
"2016-08-01",Rio Negro,moto,598
"2016-09-01",Rio Negro,moto,733
"2016-10-01",Rio Negro,moto,710
"2016-11-01",Rio Negro,moto,782
"2016-12-01",Rio Negro,moto,808
"2017-01-01",Rio Negro,moto,1088
"2017-02-01",Rio Negro,moto,845
"2017-03-01",Rio Negro,moto,1071
"2017-04-01",Rio Negro,moto,711
"2017-05-01",Rio Negro,moto,725
"2017-06-01",Rio Negro,moto,578
"2017-07-01",Rio Negro,moto,568
"2017-08-01",Rio Negro,moto,679
"2017-09-01",Rio Negro,moto,772
"2017-10-01",Rio Negro,moto,848
"2017-11-01",Rio Negro,moto,877
"2017-12-01",Rio Negro,moto,720
"2018-01-01",Rio Negro,moto,1022
"2018-02-01",Rio Negro,moto,830
"2018-03-01",Rio Negro,moto,964
"2018-04-01",Rio Negro,moto,798
"2018-05-01",Rio Negro,moto,727
"2018-06-01",Rio Negro,moto,388
"2018-07-01",Rio Negro,moto,416
"2018-08-01",Rio Negro,moto,513
"2018-09-01",Rio Negro,moto,406
"2018-10-01",Rio Negro,moto,410
"2018-11-01",Rio Negro,moto,431
"2018-12-01",Rio Negro,moto,357
"2019-01-01",Rio Negro,moto,637
"2019-02-01",Rio Negro,moto,501
"2019-03-01",Rio Negro,moto,472
"2019-04-01",Rio Negro,moto,420
"2019-05-01",Rio Negro,moto,302
"2019-06-01",Rio Negro,moto,235
"2019-07-01",Rio Negro,moto,286
"2019-08-01",Rio Negro,moto,273
"2019-09-01",Rio Negro,moto,177
"2019-10-01",Rio Negro,moto,243
"2019-11-01",Rio Negro,moto,207
"2019-12-01",Rio Negro,moto,238
"2020-01-01",Rio Negro,moto,410
"2020-02-01",Rio Negro,moto,303
"2020-03-01",Rio Negro,moto,251
"2020-04-01",Rio Negro,moto,42
"2020-05-01",Rio Negro,moto,178
"2020-06-01",Rio Negro,moto,311
"2020-07-01",Rio Negro,moto,306
"2020-08-01",Rio Negro,moto,320
"2020-09-01",Rio Negro,moto,364
"2020-10-01",Rio Negro,moto,355
"2020-11-01",Rio Negro,moto,360
"2020-12-01",Rio Negro,moto,294
"2021-01-01",Rio Negro,moto,390
"2021-02-01",Rio Negro,moto,398
"2021-03-01",Rio Negro,moto,494
"2021-04-01",Rio Negro,moto,512
"2021-05-01",Rio Negro,moto,286
"2021-06-01",Rio Negro,moto,374
"2021-07-01",Rio Negro,moto,370
"2021-08-01",Rio Negro,moto,421
"2021-09-01",Rio Negro,moto,515
"2021-10-01",Rio Negro,moto,463
"2021-11-01",Rio Negro,moto,514
"2021-12-01",Rio Negro,moto,467
"2022-01-01",Rio Negro,moto,459
"2022-02-01",Rio Negro,moto,513
"2022-03-01",Rio Negro,moto,600
"2022-04-01",Rio Negro,moto,514
"2022-05-01",Rio Negro,moto,433
"2022-06-01",Rio Negro,moto,379
"2022-07-01",Rio Negro,moto,344
"2022-08-01",Rio Negro,moto,383
"2022-09-01",Rio Negro,moto,353
"2022-10-01",Rio Negro,moto,374
"2022-11-01",Rio Negro,moto,411
"2022-12-01",Rio Negro,moto,325
"2023-01-01",Rio Negro,moto,518
"2023-02-01",Rio Negro,moto,509
"2023-03-01",Rio Negro,moto,659
"2023-04-01",Rio Negro,moto,536
"2023-05-01",Rio Negro,moto,552
"2023-06-01",Rio Negro,moto,346
"2023-07-01",Rio Negro,moto,445
"2023-08-01",Rio Negro,moto,555
"2023-09-01",Rio Negro,moto,385
"2023-10-01",Rio Negro,moto,581
"2023-11-01",Rio Negro,moto,495
"2023-12-01",Rio Negro,moto,433
"2024-01-01",Rio Negro,moto,417
"2024-01-01",Rio Negro,auto,532
"2024-02-01",Rio Negro,moto,390
"2024-02-01",Rio Negro,auto,302
"2024-03-01",Rio Negro,moto,468
"2024-03-01",Rio Negro,auto,391
"2024-04-01",Rio Negro,moto,550
"2024-04-01",Rio Negro,auto,458
"2024-05-01",Rio Negro,auto,565
"2024-05-01",Rio Negro,moto,591
"2024-06-01",Rio Negro,moto,455
"2024-06-01",Rio Negro,auto,473
"2024-07-01",Rio Negro,auto,634
"2024-07-01",Rio Negro,moto,611
"2024-08-01",Rio Negro,moto,929
"2024-08-01",Rio Negro,auto,665
"2024-09-01",Rio Negro,moto,659
"2024-09-01",Rio Negro,auto,645
"2014-01-01",Salta,auto,2546
"2014-02-01",Salta,auto,1173
"2014-03-01",Salta,auto,1123
"2014-04-01",Salta,auto,1084
"2014-05-01",Salta,auto,1139
"2014-06-01",Salta,auto,1086
"2014-07-01",Salta,auto,1367
"2014-08-01",Salta,auto,1236
"2014-09-01",Salta,auto,1258
"2014-10-01",Salta,auto,1207
"2014-11-01",Salta,auto,892
"2014-12-01",Salta,auto,781
"2015-01-01",Salta,auto,1725
"2015-02-01",Salta,auto,972
"2015-03-01",Salta,auto,1250
"2015-04-01",Salta,auto,1276
"2015-05-01",Salta,auto,1114
"2015-06-01",Salta,auto,1500
"2015-07-01",Salta,auto,1504
"2015-08-01",Salta,auto,1443
"2015-09-01",Salta,auto,1737
"2015-10-01",Salta,auto,1565
"2015-11-01",Salta,auto,1218
"2015-12-01",Salta,auto,801
"2016-01-01",Salta,auto,1487
"2016-02-01",Salta,auto,1266
"2016-03-01",Salta,auto,1489
"2016-04-01",Salta,auto,1468
"2016-05-01",Salta,auto,1559
"2016-06-01",Salta,auto,1347
"2016-07-01",Salta,auto,1744
"2016-08-01",Salta,auto,1749
"2016-09-01",Salta,auto,1644
"2016-10-01",Salta,auto,1534
"2016-11-01",Salta,auto,1561
"2016-12-01",Salta,auto,935
"2017-01-01",Salta,auto,2624
"2017-02-01",Salta,auto,1410
"2017-03-01",Salta,auto,2073
"2017-04-01",Salta,auto,1744
"2017-05-01",Salta,auto,2146
"2017-06-01",Salta,auto,2243
"2017-07-01",Salta,auto,2193
"2017-08-01",Salta,auto,2189
"2017-09-01",Salta,auto,2110
"2017-10-01",Salta,auto,2026
"2017-11-01",Salta,auto,2007
"2017-12-01",Salta,auto,1462
"2018-01-01",Salta,auto,3259
"2018-02-01",Salta,auto,1817
"2018-03-01",Salta,auto,2355
"2018-04-01",Salta,auto,2146
"2018-05-01",Salta,auto,2198
"2018-06-01",Salta,auto,1714
"2018-07-01",Salta,auto,1882
"2018-08-01",Salta,auto,1616
"2018-09-01",Salta,auto,1310
"2018-10-01",Salta,auto,1266
"2018-11-01",Salta,auto,985
"2018-12-01",Salta,auto,832
"2019-01-01",Salta,auto,1385
"2019-02-01",Salta,auto,841
"2019-03-01",Salta,auto,955
"2019-04-01",Salta,auto,821
"2019-05-01",Salta,auto,905
"2019-06-01",Salta,auto,782
"2019-07-01",Salta,auto,1170
"2019-08-01",Salta,auto,957
"2019-09-01",Salta,auto,875
"2019-10-01",Salta,auto,802
"2019-11-01",Salta,auto,761
"2019-12-01",Salta,auto,698
"2020-01-01",Salta,auto,1050
"2020-02-01",Salta,auto,686
"2020-03-01",Salta,auto,329
"2020-04-01",Salta,auto,162
"2020-05-01",Salta,auto,544
"2020-06-01",Salta,auto,807
"2020-07-01",Salta,auto,705
"2020-08-01",Salta,auto,713
"2020-09-01",Salta,auto,636
"2020-10-01",Salta,auto,820
"2020-11-01",Salta,auto,837
"2020-12-01",Salta,auto,525
"2021-01-01",Salta,auto,1212
"2021-02-01",Salta,auto,667
"2021-03-01",Salta,auto,966
"2021-04-01",Salta,auto,666
"2021-05-01",Salta,auto,524
"2021-06-01",Salta,auto,848
"2021-07-01",Salta,auto,757
"2021-08-01",Salta,auto,739
"2021-09-01",Salta,auto,844
"2021-10-01",Salta,auto,702
"2021-11-01",Salta,auto,671
"2021-12-01",Salta,auto,452
"2022-01-01",Salta,auto,1106
"2022-02-01",Salta,auto,762
"2022-03-01",Salta,auto,825
"2022-04-01",Salta,auto,747
"2022-05-01",Salta,auto,930
"2022-06-01",Salta,auto,845
"2022-07-01",Salta,auto,954
"2022-08-01",Salta,auto,1052
"2022-09-01",Salta,auto,881
"2022-10-01",Salta,auto,834
"2022-11-01",Salta,auto,877
"2022-12-01",Salta,auto,597
"2023-01-01",Salta,auto,1306
"2023-02-01",Salta,auto,778
"2023-03-01",Salta,auto,1062
"2023-04-01",Salta,auto,910
"2023-05-01",Salta,auto,1124
"2023-06-01",Salta,auto,1229
"2023-07-01",Salta,auto,1264
"2023-08-01",Salta,auto,1099
"2023-09-01",Salta,auto,1075
"2023-10-01",Salta,auto,1214
"2023-11-01",Salta,auto,1244
"2023-12-01",Salta,auto,509
"2014-01-01",Salta,moto,2178
"2014-02-01",Salta,moto,1638
"2014-03-01",Salta,moto,1301
"2014-04-01",Salta,moto,1352
"2014-05-01",Salta,moto,1210
"2014-06-01",Salta,moto,1350
"2014-07-01",Salta,moto,1485
"2014-08-01",Salta,moto,1492
"2014-09-01",Salta,moto,1787
"2014-10-01",Salta,moto,1780
"2014-11-01",Salta,moto,1591
"2014-12-01",Salta,moto,1303
"2015-01-01",Salta,moto,1586
"2015-02-01",Salta,moto,1253
"2015-03-01",Salta,moto,1674
"2015-04-01",Salta,moto,1802
"2015-05-01",Salta,moto,1533
"2015-06-01",Salta,moto,1722
"2015-07-01",Salta,moto,1829
"2015-08-01",Salta,moto,1720
"2015-09-01",Salta,moto,1801
"2015-10-01",Salta,moto,1786
"2015-11-01",Salta,moto,2089
"2015-12-01",Salta,moto,1487
"2016-01-01",Salta,moto,1722
"2016-02-01",Salta,moto,1358
"2016-03-01",Salta,moto,1586
"2016-04-01",Salta,moto,1824
"2016-05-01",Salta,moto,2032
"2016-06-01",Salta,moto,1195
"2016-07-01",Salta,moto,1717
"2016-08-01",Salta,moto,1961
"2016-09-01",Salta,moto,1868
"2016-10-01",Salta,moto,1986
"2016-11-01",Salta,moto,2377
"2016-12-01",Salta,moto,2535
"2017-01-01",Salta,moto,2679
"2017-02-01",Salta,moto,1801
"2017-03-01",Salta,moto,3144
"2017-04-01",Salta,moto,2332
"2017-05-01",Salta,moto,2517
"2017-06-01",Salta,moto,2061
"2017-07-01",Salta,moto,2479
"2017-08-01",Salta,moto,2614
"2017-09-01",Salta,moto,2565
"2017-10-01",Salta,moto,3075
"2017-11-01",Salta,moto,3051
"2017-12-01",Salta,moto,2515
"2018-01-01",Salta,moto,2946
"2018-02-01",Salta,moto,2242
"2018-03-01",Salta,moto,2858
"2018-04-01",Salta,moto,2775
"2018-05-01",Salta,moto,3145
"2018-06-01",Salta,moto,1958
"2018-07-01",Salta,moto,1781
"2018-08-01",Salta,moto,1767
"2018-09-01",Salta,moto,1408
"2018-10-01",Salta,moto,1480
"2018-11-01",Salta,moto,1180
"2018-12-01",Salta,moto,962
"2019-01-01",Salta,moto,1558
"2019-02-01",Salta,moto,1248
"2019-03-01",Salta,moto,1162
"2019-04-01",Salta,moto,1143
"2019-05-01",Salta,moto,1053
"2019-06-01",Salta,moto,803
"2019-07-01",Salta,moto,1156
"2019-08-01",Salta,moto,1149
"2019-09-01",Salta,moto,722
"2019-10-01",Salta,moto,993
"2019-11-01",Salta,moto,809
"2019-12-01",Salta,moto,637
"2020-01-01",Salta,moto,1020
"2020-02-01",Salta,moto,785
"2020-03-01",Salta,moto,870
"2020-04-01",Salta,moto,224
"2020-05-01",Salta,moto,783
"2020-06-01",Salta,moto,1322
"2020-07-01",Salta,moto,1024
"2020-08-01",Salta,moto,1084
"2020-09-01",Salta,moto,1049
"2020-10-01",Salta,moto,1198
"2020-11-01",Salta,moto,1178
"2020-12-01",Salta,moto,1126
"2021-01-01",Salta,moto,1286
"2021-02-01",Salta,moto,1234
"2021-03-01",Salta,moto,1495
"2021-04-01",Salta,moto,1262
"2021-05-01",Salta,moto,912
"2021-06-01",Salta,moto,1207
"2021-07-01",Salta,moto,1177
"2021-08-01",Salta,moto,1310
"2021-09-01",Salta,moto,1419
"2021-10-01",Salta,moto,1381
"2021-11-01",Salta,moto,1438
"2021-12-01",Salta,moto,1448
"2022-01-01",Salta,moto,1059
"2022-02-01",Salta,moto,1429
"2022-03-01",Salta,moto,1784
"2022-04-01",Salta,moto,1494
"2022-05-01",Salta,moto,1597
"2022-06-01",Salta,moto,1567
"2022-07-01",Salta,moto,1476
"2022-08-01",Salta,moto,1328
"2022-09-01",Salta,moto,1094
"2022-10-01",Salta,moto,1406
"2022-11-01",Salta,moto,1437
"2022-12-01",Salta,moto,1235
"2023-01-01",Salta,moto,1481
"2023-02-01",Salta,moto,1293
"2023-03-01",Salta,moto,1980
"2023-04-01",Salta,moto,1780
"2023-05-01",Salta,moto,1750
"2023-06-01",Salta,moto,1597
"2023-07-01",Salta,moto,1694
"2023-08-01",Salta,moto,1918
"2023-09-01",Salta,moto,1213
"2023-10-01",Salta,moto,1740
"2023-11-01",Salta,moto,1492
"2023-12-01",Salta,moto,1375
"2024-01-01",Salta,moto,1054
"2024-01-01",Salta,auto,1073
"2024-02-01",Salta,moto,1070
"2024-02-01",Salta,auto,584
"2024-03-01",Salta,moto,1046
"2024-03-01",Salta,auto,805
"2024-04-01",Salta,moto,1448
"2024-04-01",Salta,auto,840
"2024-05-01",Salta,auto,883
"2024-05-01",Salta,moto,1774
"2024-06-01",Salta,moto,1362
"2024-06-01",Salta,auto,871
"2024-07-01",Salta,auto,1388
"2024-07-01",Salta,moto,1851
"2024-08-01",Salta,moto,2441
"2024-08-01",Salta,auto,1262
"2024-09-01",Salta,moto,1303
"2024-09-01",Salta,auto,1265
"2014-01-01",San Juan,auto,1326
"2014-02-01",San Juan,auto,588
"2014-03-01",San Juan,auto,647
"2014-04-01",San Juan,auto,617
"2014-05-01",San Juan,auto,612
"2014-06-01",San Juan,auto,579
"2014-07-01",San Juan,auto,757
"2014-08-01",San Juan,auto,657
"2014-09-01",San Juan,auto,660
"2014-10-01",San Juan,auto,640
"2014-11-01",San Juan,auto,398
"2014-12-01",San Juan,auto,253
"2015-01-01",San Juan,auto,781
"2015-02-01",San Juan,auto,447
"2015-03-01",San Juan,auto,490
"2015-04-01",San Juan,auto,607
"2015-05-01",San Juan,auto,534
"2015-06-01",San Juan,auto,593
"2015-07-01",San Juan,auto,600
"2015-08-01",San Juan,auto,665
"2015-09-01",San Juan,auto,705
"2015-10-01",San Juan,auto,669
"2015-11-01",San Juan,auto,564
"2015-12-01",San Juan,auto,308
"2016-01-01",San Juan,auto,667
"2016-02-01",San Juan,auto,466
"2016-03-01",San Juan,auto,573
"2016-04-01",San Juan,auto,655
"2016-05-01",San Juan,auto,607
"2016-06-01",San Juan,auto,586
"2016-07-01",San Juan,auto,694
"2016-08-01",San Juan,auto,781
"2016-09-01",San Juan,auto,793
"2016-10-01",San Juan,auto,606
"2016-11-01",San Juan,auto,542
"2016-12-01",San Juan,auto,336
"2017-01-01",San Juan,auto,1037
"2017-02-01",San Juan,auto,623
"2017-03-01",San Juan,auto,816
"2017-04-01",San Juan,auto,700
"2017-05-01",San Juan,auto,917
"2017-06-01",San Juan,auto,933
"2017-07-01",San Juan,auto,953
"2017-08-01",San Juan,auto,987
"2017-09-01",San Juan,auto,968
"2017-10-01",San Juan,auto,784
"2017-11-01",San Juan,auto,802
"2017-12-01",San Juan,auto,486
"2018-01-01",San Juan,auto,1332
"2018-02-01",San Juan,auto,844
"2018-03-01",San Juan,auto,969
"2018-04-01",San Juan,auto,1003
"2018-05-01",San Juan,auto,1032
"2018-06-01",San Juan,auto,798
"2018-07-01",San Juan,auto,851
"2018-08-01",San Juan,auto,815
"2018-09-01",San Juan,auto,672
"2018-10-01",San Juan,auto,628
"2018-11-01",San Juan,auto,476
"2018-12-01",San Juan,auto,280
"2019-01-01",San Juan,auto,688
"2019-02-01",San Juan,auto,516
"2019-03-01",San Juan,auto,543
"2019-04-01",San Juan,auto,520
"2019-05-01",San Juan,auto,464
"2019-06-01",San Juan,auto,484
"2019-07-01",San Juan,auto,661
"2019-08-01",San Juan,auto,571
"2019-09-01",San Juan,auto,429
"2019-10-01",San Juan,auto,388
"2019-11-01",San Juan,auto,315
"2019-12-01",San Juan,auto,256
"2020-01-01",San Juan,auto,542
"2020-02-01",San Juan,auto,368
"2020-03-01",San Juan,auto,199
"2020-04-01",San Juan,auto,70
"2020-05-01",San Juan,auto,301
"2020-06-01",San Juan,auto,434
"2020-07-01",San Juan,auto,374
"2020-08-01",San Juan,auto,330
"2020-09-01",San Juan,auto,488
"2020-10-01",San Juan,auto,458
"2020-11-01",San Juan,auto,451
"2020-12-01",San Juan,auto,206
"2021-01-01",San Juan,auto,610
"2021-02-01",San Juan,auto,339
"2021-03-01",San Juan,auto,450
"2021-04-01",San Juan,auto,353
"2021-05-01",San Juan,auto,283
"2021-06-01",San Juan,auto,411
"2021-07-01",San Juan,auto,358
"2021-08-01",San Juan,auto,384
"2021-09-01",San Juan,auto,354
"2021-10-01",San Juan,auto,327
"2021-11-01",San Juan,auto,345
"2021-12-01",San Juan,auto,219
"2022-01-01",San Juan,auto,537
"2022-02-01",San Juan,auto,339
"2022-03-01",San Juan,auto,388
"2022-04-01",San Juan,auto,378
"2022-05-01",San Juan,auto,400
"2022-06-01",San Juan,auto,380
"2022-07-01",San Juan,auto,411
"2022-08-01",San Juan,auto,429
"2022-09-01",San Juan,auto,341
"2022-10-01",San Juan,auto,366
"2022-11-01",San Juan,auto,392
"2022-12-01",San Juan,auto,254
"2023-01-01",San Juan,auto,589
"2023-02-01",San Juan,auto,399
"2023-03-01",San Juan,auto,519
"2023-04-01",San Juan,auto,424
"2023-05-01",San Juan,auto,474
"2023-06-01",San Juan,auto,469
"2023-07-01",San Juan,auto,542
"2023-08-01",San Juan,auto,542
"2023-09-01",San Juan,auto,378
"2023-10-01",San Juan,auto,496
"2023-11-01",San Juan,auto,418
"2023-12-01",San Juan,auto,252
"2014-01-01",San Juan,moto,1018
"2014-02-01",San Juan,moto,589
"2014-03-01",San Juan,moto,486
"2014-04-01",San Juan,moto,613
"2014-05-01",San Juan,moto,522
"2014-06-01",San Juan,moto,403
"2014-07-01",San Juan,moto,501
"2014-08-01",San Juan,moto,560
"2014-09-01",San Juan,moto,620
"2014-10-01",San Juan,moto,551
"2014-11-01",San Juan,moto,451
"2014-12-01",San Juan,moto,428
"2015-01-01",San Juan,moto,597
"2015-02-01",San Juan,moto,480
"2015-03-01",San Juan,moto,627
"2015-04-01",San Juan,moto,641
"2015-05-01",San Juan,moto,618
"2015-06-01",San Juan,moto,494
"2015-07-01",San Juan,moto,516
"2015-08-01",San Juan,moto,500
"2015-09-01",San Juan,moto,614
"2015-10-01",San Juan,moto,614
"2015-11-01",San Juan,moto,538
"2015-12-01",San Juan,moto,454
"2016-01-01",San Juan,moto,463
"2016-02-01",San Juan,moto,558
"2016-03-01",San Juan,moto,528
"2016-04-01",San Juan,moto,553
"2016-05-01",San Juan,moto,571
"2016-06-01",San Juan,moto,473
"2016-07-01",San Juan,moto,410
"2016-08-01",San Juan,moto,622
"2016-09-01",San Juan,moto,684
"2016-10-01",San Juan,moto,652
"2016-11-01",San Juan,moto,666
"2016-12-01",San Juan,moto,711
"2017-01-01",San Juan,moto,865
"2017-02-01",San Juan,moto,691
"2017-03-01",San Juan,moto,1244
"2017-04-01",San Juan,moto,1056
"2017-05-01",San Juan,moto,1052
"2017-06-01",San Juan,moto,812
"2017-07-01",San Juan,moto,874
"2017-08-01",San Juan,moto,1076
"2017-09-01",San Juan,moto,1011
"2017-10-01",San Juan,moto,1186
"2017-11-01",San Juan,moto,1183
"2017-12-01",San Juan,moto,924
"2018-01-01",San Juan,moto,1260
"2018-02-01",San Juan,moto,847
"2018-03-01",San Juan,moto,1254
"2018-04-01",San Juan,moto,1379
"2018-05-01",San Juan,moto,1169
"2018-06-01",San Juan,moto,797
"2018-07-01",San Juan,moto,538
"2018-08-01",San Juan,moto,764
"2018-09-01",San Juan,moto,611
"2018-10-01",San Juan,moto,631
"2018-11-01",San Juan,moto,516
"2018-12-01",San Juan,moto,419
"2019-01-01",San Juan,moto,678
"2019-02-01",San Juan,moto,534
"2019-03-01",San Juan,moto,534
"2019-04-01",San Juan,moto,473
"2019-05-01",San Juan,moto,387
"2019-06-01",San Juan,moto,333
"2019-07-01",San Juan,moto,447
"2019-08-01",San Juan,moto,480
"2019-09-01",San Juan,moto,279
"2019-10-01",San Juan,moto,325
"2019-11-01",San Juan,moto,242
"2019-12-01",San Juan,moto,237
"2020-01-01",San Juan,moto,324
"2020-02-01",San Juan,moto,315
"2020-03-01",San Juan,moto,317
"2020-04-01",San Juan,moto,58
"2020-05-01",San Juan,moto,174
"2020-06-01",San Juan,moto,333
"2020-07-01",San Juan,moto,402
"2020-08-01",San Juan,moto,334
"2020-09-01",San Juan,moto,332
"2020-10-01",San Juan,moto,391
"2020-11-01",San Juan,moto,383
"2020-12-01",San Juan,moto,338
"2021-01-01",San Juan,moto,457
"2021-02-01",San Juan,moto,457
"2021-03-01",San Juan,moto,541
"2021-04-01",San Juan,moto,549
"2021-05-01",San Juan,moto,380
"2021-06-01",San Juan,moto,480
"2021-07-01",San Juan,moto,516
"2021-08-01",San Juan,moto,659
"2021-09-01",San Juan,moto,728
"2021-10-01",San Juan,moto,667
"2021-11-01",San Juan,moto,579
"2021-12-01",San Juan,moto,648
"2022-01-01",San Juan,moto,532
"2022-02-01",San Juan,moto,586
"2022-03-01",San Juan,moto,772
"2022-04-01",San Juan,moto,726
"2022-05-01",San Juan,moto,717
"2022-06-01",San Juan,moto,736
"2022-07-01",San Juan,moto,570
"2022-08-01",San Juan,moto,517
"2022-09-01",San Juan,moto,493
"2022-10-01",San Juan,moto,427
"2022-11-01",San Juan,moto,490
"2022-12-01",San Juan,moto,439
"2023-01-01",San Juan,moto,521
"2023-02-01",San Juan,moto,475
"2023-03-01",San Juan,moto,698
"2023-04-01",San Juan,moto,587
"2023-05-01",San Juan,moto,776
"2023-06-01",San Juan,moto,448
"2023-07-01",San Juan,moto,564
"2023-08-01",San Juan,moto,614
"2023-09-01",San Juan,moto,444
"2023-10-01",San Juan,moto,559
"2023-11-01",San Juan,moto,545
"2023-12-01",San Juan,moto,573
"2024-01-01",San Juan,moto,429
"2024-01-01",San Juan,auto,492
"2024-02-01",San Juan,moto,427
"2024-02-01",San Juan,auto,293
"2024-03-01",San Juan,moto,374
"2024-03-01",San Juan,auto,375
"2024-04-01",San Juan,moto,633
"2024-04-01",San Juan,auto,492
"2024-05-01",San Juan,auto,449
"2024-05-01",San Juan,moto,543
"2024-06-01",San Juan,moto,346
"2024-06-01",San Juan,auto,386
"2024-07-01",San Juan,auto,498
"2024-07-01",San Juan,moto,443
"2024-08-01",San Juan,moto,789
"2024-08-01",San Juan,auto,509
"2024-09-01",San Juan,moto,438
"2024-09-01",San Juan,auto,516
"2014-01-01",San Luis,auto,1107
"2014-02-01",San Luis,auto,566
"2014-03-01",San Luis,auto,458
"2014-04-01",San Luis,auto,515
"2014-05-01",San Luis,auto,549
"2014-06-01",San Luis,auto,455
"2014-07-01",San Luis,auto,536
"2014-08-01",San Luis,auto,457
"2014-09-01",San Luis,auto,512
"2014-10-01",San Luis,auto,493
"2014-11-01",San Luis,auto,351
"2014-12-01",San Luis,auto,253
"2015-01-01",San Luis,auto,653
"2015-02-01",San Luis,auto,378
"2015-03-01",San Luis,auto,453
"2015-04-01",San Luis,auto,494
"2015-05-01",San Luis,auto,436
"2015-06-01",San Luis,auto,515
"2015-07-01",San Luis,auto,535
"2015-08-01",San Luis,auto,521
"2015-09-01",San Luis,auto,616
"2015-10-01",San Luis,auto,568
"2015-11-01",San Luis,auto,458
"2015-12-01",San Luis,auto,269
"2016-01-01",San Luis,auto,570
"2016-02-01",San Luis,auto,477
"2016-03-01",San Luis,auto,548
"2016-04-01",San Luis,auto,582
"2016-05-01",San Luis,auto,530
"2016-06-01",San Luis,auto,503
"2016-07-01",San Luis,auto,602
"2016-08-01",San Luis,auto,747
"2016-09-01",San Luis,auto,717
"2016-10-01",San Luis,auto,596
"2016-11-01",San Luis,auto,559
"2016-12-01",San Luis,auto,347
"2017-01-01",San Luis,auto,1026
"2017-02-01",San Luis,auto,629
"2017-03-01",San Luis,auto,907
"2017-04-01",San Luis,auto,651
"2017-05-01",San Luis,auto,849
"2017-06-01",San Luis,auto,780
"2017-07-01",San Luis,auto,909
"2017-08-01",San Luis,auto,954
"2017-09-01",San Luis,auto,802
"2017-10-01",San Luis,auto,860
"2017-11-01",San Luis,auto,756
"2017-12-01",San Luis,auto,597
"2018-01-01",San Luis,auto,1416
"2018-02-01",San Luis,auto,916
"2018-03-01",San Luis,auto,1086
"2018-04-01",San Luis,auto,1039
"2018-05-01",San Luis,auto,1066
"2018-06-01",San Luis,auto,901
"2018-07-01",San Luis,auto,799
"2018-08-01",San Luis,auto,800
"2018-09-01",San Luis,auto,596
"2018-10-01",San Luis,auto,526
"2018-11-01",San Luis,auto,457
"2018-12-01",San Luis,auto,286
"2019-01-01",San Luis,auto,681
"2019-02-01",San Luis,auto,441
"2019-03-01",San Luis,auto,429
"2019-04-01",San Luis,auto,454
"2019-05-01",San Luis,auto,402
"2019-06-01",San Luis,auto,338
"2019-07-01",San Luis,auto,504
"2019-08-01",San Luis,auto,457
"2019-09-01",San Luis,auto,355
"2019-10-01",San Luis,auto,340
"2019-11-01",San Luis,auto,263
"2019-12-01",San Luis,auto,240
"2020-01-01",San Luis,auto,435
"2020-02-01",San Luis,auto,293
"2020-03-01",San Luis,auto,188
"2020-04-01",San Luis,auto,49
"2020-05-01",San Luis,auto,260
"2020-06-01",San Luis,auto,388
"2020-07-01",San Luis,auto,386
"2020-08-01",San Luis,auto,346
"2020-09-01",San Luis,auto,288
"2020-10-01",San Luis,auto,382
"2020-11-01",San Luis,auto,355
"2020-12-01",San Luis,auto,213
"2021-01-01",San Luis,auto,523
"2021-02-01",San Luis,auto,329
"2021-03-01",San Luis,auto,365
"2021-04-01",San Luis,auto,335
"2021-05-01",San Luis,auto,215
"2021-06-01",San Luis,auto,400
"2021-07-01",San Luis,auto,356
"2021-08-01",San Luis,auto,343
"2021-09-01",San Luis,auto,398
"2021-10-01",San Luis,auto,254
"2021-11-01",San Luis,auto,285
"2021-12-01",San Luis,auto,195
"2022-01-01",San Luis,auto,473
"2022-02-01",San Luis,auto,300
"2022-03-01",San Luis,auto,373
"2022-04-01",San Luis,auto,329
"2022-05-01",San Luis,auto,369
"2022-06-01",San Luis,auto,340
"2022-07-01",San Luis,auto,380
"2022-08-01",San Luis,auto,371
"2022-09-01",San Luis,auto,349
"2022-10-01",San Luis,auto,324
"2022-11-01",San Luis,auto,320
"2022-12-01",San Luis,auto,172
"2023-01-01",San Luis,auto,473
"2023-02-01",San Luis,auto,309
"2023-03-01",San Luis,auto,351
"2023-04-01",San Luis,auto,338
"2023-05-01",San Luis,auto,407
"2023-06-01",San Luis,auto,373
"2023-07-01",San Luis,auto,422
"2023-08-01",San Luis,auto,376
"2023-09-01",San Luis,auto,361
"2023-10-01",San Luis,auto,375
"2023-11-01",San Luis,auto,293
"2023-12-01",San Luis,auto,179
"2014-01-01",San Luis,moto,1117
"2014-02-01",San Luis,moto,738
"2014-03-01",San Luis,moto,571
"2014-04-01",San Luis,moto,482
"2014-05-01",San Luis,moto,505
"2014-06-01",San Luis,moto,433
"2014-07-01",San Luis,moto,439
"2014-08-01",San Luis,moto,572
"2014-09-01",San Luis,moto,587
"2014-10-01",San Luis,moto,654
"2014-11-01",San Luis,moto,491
"2014-12-01",San Luis,moto,464
"2015-01-01",San Luis,moto,596
"2015-02-01",San Luis,moto,529
"2015-03-01",San Luis,moto,670
"2015-04-01",San Luis,moto,554
"2015-05-01",San Luis,moto,516
"2015-06-01",San Luis,moto,565
"2015-07-01",San Luis,moto,585
"2015-08-01",San Luis,moto,540
"2015-09-01",San Luis,moto,632
"2015-10-01",San Luis,moto,548
"2015-11-01",San Luis,moto,623
"2015-12-01",San Luis,moto,548
"2016-01-01",San Luis,moto,579
"2016-02-01",San Luis,moto,571
"2016-03-01",San Luis,moto,592
"2016-04-01",San Luis,moto,526
"2016-05-01",San Luis,moto,461
"2016-06-01",San Luis,moto,349
"2016-07-01",San Luis,moto,393
"2016-08-01",San Luis,moto,489
"2016-09-01",San Luis,moto,584
"2016-10-01",San Luis,moto,600
"2016-11-01",San Luis,moto,624
"2016-12-01",San Luis,moto,687
"2017-01-01",San Luis,moto,870
"2017-02-01",San Luis,moto,692
"2017-03-01",San Luis,moto,939
"2017-04-01",San Luis,moto,625
"2017-05-01",San Luis,moto,586
"2017-06-01",San Luis,moto,521
"2017-07-01",San Luis,moto,637
"2017-08-01",San Luis,moto,857
"2017-09-01",San Luis,moto,932
"2017-10-01",San Luis,moto,987
"2017-11-01",San Luis,moto,1127
"2017-12-01",San Luis,moto,1151
"2018-01-01",San Luis,moto,1410
"2018-02-01",San Luis,moto,1106
"2018-03-01",San Luis,moto,1348
"2018-04-01",San Luis,moto,1330
"2018-05-01",San Luis,moto,1020
"2018-06-01",San Luis,moto,564
"2018-07-01",San Luis,moto,645
"2018-08-01",San Luis,moto,766
"2018-09-01",San Luis,moto,604
"2018-10-01",San Luis,moto,726
"2018-11-01",San Luis,moto,570
"2018-12-01",San Luis,moto,400
"2019-01-01",San Luis,moto,681
"2019-02-01",San Luis,moto,534
"2019-03-01",San Luis,moto,482
"2019-04-01",San Luis,moto,585
"2019-05-01",San Luis,moto,404
"2019-06-01",San Luis,moto,288
"2019-07-01",San Luis,moto,369
"2019-08-01",San Luis,moto,339
"2019-09-01",San Luis,moto,279
"2019-10-01",San Luis,moto,291
"2019-11-01",San Luis,moto,296
"2019-12-01",San Luis,moto,224
"2020-01-01",San Luis,moto,365
"2020-02-01",San Luis,moto,314
"2020-03-01",San Luis,moto,311
"2020-04-01",San Luis,moto,51
"2020-05-01",San Luis,moto,194
"2020-06-01",San Luis,moto,211
"2020-07-01",San Luis,moto,307
"2020-08-01",San Luis,moto,324
"2020-09-01",San Luis,moto,180
"2020-10-01",San Luis,moto,288
"2020-11-01",San Luis,moto,251
"2020-12-01",San Luis,moto,248
"2021-01-01",San Luis,moto,446
"2021-02-01",San Luis,moto,388
"2021-03-01",San Luis,moto,471
"2021-04-01",San Luis,moto,325
"2021-05-01",San Luis,moto,241
"2021-06-01",San Luis,moto,304
"2021-07-01",San Luis,moto,380
"2021-08-01",San Luis,moto,399
"2021-09-01",San Luis,moto,473
"2021-10-01",San Luis,moto,444
"2021-11-01",San Luis,moto,640
"2021-12-01",San Luis,moto,517
"2022-01-01",San Luis,moto,505
"2022-02-01",San Luis,moto,568
"2022-03-01",San Luis,moto,686
"2022-04-01",San Luis,moto,589
"2022-05-01",San Luis,moto,514
"2022-06-01",San Luis,moto,439
"2022-07-01",San Luis,moto,440
"2022-08-01",San Luis,moto,406
"2022-09-01",San Luis,moto,366
"2022-10-01",San Luis,moto,372
"2022-11-01",San Luis,moto,403
"2022-12-01",San Luis,moto,321
"2023-01-01",San Luis,moto,587
"2023-02-01",San Luis,moto,531
"2023-03-01",San Luis,moto,630
"2023-04-01",San Luis,moto,571
"2023-05-01",San Luis,moto,510
"2023-06-01",San Luis,moto,467
"2023-07-01",San Luis,moto,514
"2023-08-01",San Luis,moto,516
"2023-09-01",San Luis,moto,362
"2023-10-01",San Luis,moto,540
"2023-11-01",San Luis,moto,583
"2023-12-01",San Luis,moto,571
"2024-01-01",San Luis,moto,459
"2024-01-01",San Luis,auto,333
"2024-02-01",San Luis,moto,436
"2024-02-01",San Luis,auto,234
"2024-03-01",San Luis,moto,476
"2024-03-01",San Luis,auto,243
"2024-04-01",San Luis,moto,516
"2024-04-01",San Luis,auto,312
"2024-05-01",San Luis,auto,372
"2024-05-01",San Luis,moto,476
"2024-06-01",San Luis,moto,406
"2024-06-01",San Luis,auto,258
"2024-07-01",San Luis,auto,366
"2024-07-01",San Luis,moto,374
"2024-08-01",San Luis,moto,711
"2024-08-01",San Luis,auto,395
"2024-09-01",San Luis,moto,514
"2024-09-01",San Luis,auto,380
"2014-01-01",Santa Cruz,auto,1439
"2014-02-01",Santa Cruz,auto,866
"2014-03-01",Santa Cruz,auto,712
"2014-04-01",Santa Cruz,auto,850
"2014-05-01",Santa Cruz,auto,886
"2014-06-01",Santa Cruz,auto,798
"2014-07-01",Santa Cruz,auto,934
"2014-08-01",Santa Cruz,auto,901
"2014-09-01",Santa Cruz,auto,1007
"2014-10-01",Santa Cruz,auto,958
"2014-11-01",Santa Cruz,auto,712
"2014-12-01",Santa Cruz,auto,584
"2015-01-01",Santa Cruz,auto,1123
"2015-02-01",Santa Cruz,auto,641
"2015-03-01",Santa Cruz,auto,898
"2015-04-01",Santa Cruz,auto,877
"2015-05-01",Santa Cruz,auto,843
"2015-06-01",Santa Cruz,auto,829
"2015-07-01",Santa Cruz,auto,1009
"2015-08-01",Santa Cruz,auto,974
"2015-09-01",Santa Cruz,auto,1131
"2015-10-01",Santa Cruz,auto,943
"2015-11-01",Santa Cruz,auto,830
"2015-12-01",Santa Cruz,auto,620
"2016-01-01",Santa Cruz,auto,844
"2016-02-01",Santa Cruz,auto,620
"2016-03-01",Santa Cruz,auto,765
"2016-04-01",Santa Cruz,auto,815
"2016-05-01",Santa Cruz,auto,845
"2016-06-01",Santa Cruz,auto,681
"2016-07-01",Santa Cruz,auto,770
"2016-08-01",Santa Cruz,auto,913
"2016-09-01",Santa Cruz,auto,973
"2016-10-01",Santa Cruz,auto,791
"2016-11-01",Santa Cruz,auto,810
"2016-12-01",Santa Cruz,auto,523
"2017-01-01",Santa Cruz,auto,1082
"2017-02-01",Santa Cruz,auto,719
"2017-03-01",Santa Cruz,auto,954
"2017-04-01",Santa Cruz,auto,747
"2017-05-01",Santa Cruz,auto,899
"2017-06-01",Santa Cruz,auto,811
"2017-07-01",Santa Cruz,auto,861
"2017-08-01",Santa Cruz,auto,963
"2017-09-01",Santa Cruz,auto,921
"2017-10-01",Santa Cruz,auto,803
"2017-11-01",Santa Cruz,auto,836
"2017-12-01",Santa Cruz,auto,501
"2018-01-01",Santa Cruz,auto,1158
"2018-02-01",Santa Cruz,auto,653
"2018-03-01",Santa Cruz,auto,823
"2018-04-01",Santa Cruz,auto,829
"2018-05-01",Santa Cruz,auto,822
"2018-06-01",Santa Cruz,auto,676
"2018-07-01",Santa Cruz,auto,675
"2018-08-01",Santa Cruz,auto,662
"2018-09-01",Santa Cruz,auto,555
"2018-10-01",Santa Cruz,auto,559
"2018-11-01",Santa Cruz,auto,432
"2018-12-01",Santa Cruz,auto,277
"2019-01-01",Santa Cruz,auto,570
"2019-02-01",Santa Cruz,auto,472
"2019-03-01",Santa Cruz,auto,419
"2019-04-01",Santa Cruz,auto,374
"2019-05-01",Santa Cruz,auto,369
"2019-06-01",Santa Cruz,auto,369
"2019-07-01",Santa Cruz,auto,509
"2019-08-01",Santa Cruz,auto,479
"2019-09-01",Santa Cruz,auto,390
"2019-10-01",Santa Cruz,auto,359
"2019-11-01",Santa Cruz,auto,301
"2019-12-01",Santa Cruz,auto,232
"2020-01-01",Santa Cruz,auto,423
"2020-02-01",Santa Cruz,auto,292
"2020-03-01",Santa Cruz,auto,179
"2020-04-01",Santa Cruz,auto,54
"2020-05-01",Santa Cruz,auto,203
"2020-06-01",Santa Cruz,auto,320
"2020-07-01",Santa Cruz,auto,285
"2020-08-01",Santa Cruz,auto,243
"2020-09-01",Santa Cruz,auto,301
"2020-10-01",Santa Cruz,auto,274
"2020-11-01",Santa Cruz,auto,296
"2020-12-01",Santa Cruz,auto,182
"2021-01-01",Santa Cruz,auto,376
"2021-02-01",Santa Cruz,auto,256
"2021-03-01",Santa Cruz,auto,315
"2021-04-01",Santa Cruz,auto,227
"2021-05-01",Santa Cruz,auto,213
"2021-06-01",Santa Cruz,auto,353
"2021-07-01",Santa Cruz,auto,280
"2021-08-01",Santa Cruz,auto,233
"2021-09-01",Santa Cruz,auto,231
"2021-10-01",Santa Cruz,auto,231
"2021-11-01",Santa Cruz,auto,265
"2021-12-01",Santa Cruz,auto,184
"2022-01-01",Santa Cruz,auto,398
"2022-02-01",Santa Cruz,auto,260
"2022-03-01",Santa Cruz,auto,308
"2022-04-01",Santa Cruz,auto,285
"2022-05-01",Santa Cruz,auto,364
"2022-06-01",Santa Cruz,auto,326
"2022-07-01",Santa Cruz,auto,348
"2022-08-01",Santa Cruz,auto,358
"2022-09-01",Santa Cruz,auto,330
"2022-10-01",Santa Cruz,auto,308
"2022-11-01",Santa Cruz,auto,332
"2022-12-01",Santa Cruz,auto,227
"2023-01-01",Santa Cruz,auto,458
"2023-02-01",Santa Cruz,auto,305
"2023-03-01",Santa Cruz,auto,389
"2023-04-01",Santa Cruz,auto,341
"2023-05-01",Santa Cruz,auto,377
"2023-06-01",Santa Cruz,auto,362
"2023-07-01",Santa Cruz,auto,399
"2023-08-01",Santa Cruz,auto,361
"2023-09-01",Santa Cruz,auto,336
"2023-10-01",Santa Cruz,auto,367
"2023-11-01",Santa Cruz,auto,347
"2023-12-01",Santa Cruz,auto,219
"2014-01-01",Santa Cruz,moto,189
"2014-02-01",Santa Cruz,moto,145
"2014-03-01",Santa Cruz,moto,97
"2014-04-01",Santa Cruz,moto,114
"2014-05-01",Santa Cruz,moto,98
"2014-06-01",Santa Cruz,moto,85
"2014-07-01",Santa Cruz,moto,101
"2014-08-01",Santa Cruz,moto,89
"2014-09-01",Santa Cruz,moto,109
"2014-10-01",Santa Cruz,moto,127
"2014-11-01",Santa Cruz,moto,123
"2014-12-01",Santa Cruz,moto,136
"2015-01-01",Santa Cruz,moto,113
"2015-02-01",Santa Cruz,moto,125
"2015-03-01",Santa Cruz,moto,131
"2015-04-01",Santa Cruz,moto,125
"2015-05-01",Santa Cruz,moto,92
"2015-06-01",Santa Cruz,moto,74
"2015-07-01",Santa Cruz,moto,88
"2015-08-01",Santa Cruz,moto,70
"2015-09-01",Santa Cruz,moto,109
"2015-10-01",Santa Cruz,moto,138
"2015-11-01",Santa Cruz,moto,174
"2015-12-01",Santa Cruz,moto,165
"2016-01-01",Santa Cruz,moto,165
"2016-02-01",Santa Cruz,moto,109
"2016-03-01",Santa Cruz,moto,112
"2016-04-01",Santa Cruz,moto,101
"2016-05-01",Santa Cruz,moto,72
"2016-06-01",Santa Cruz,moto,79
"2016-07-01",Santa Cruz,moto,79
"2016-08-01",Santa Cruz,moto,82
"2016-09-01",Santa Cruz,moto,119
"2016-10-01",Santa Cruz,moto,142
"2016-11-01",Santa Cruz,moto,141
"2016-12-01",Santa Cruz,moto,153
"2017-01-01",Santa Cruz,moto,128
"2017-02-01",Santa Cruz,moto,125
"2017-03-01",Santa Cruz,moto,174
"2017-04-01",Santa Cruz,moto,82
"2017-05-01",Santa Cruz,moto,102
"2017-06-01",Santa Cruz,moto,72
"2017-07-01",Santa Cruz,moto,79
"2017-08-01",Santa Cruz,moto,77
"2017-09-01",Santa Cruz,moto,106
"2017-10-01",Santa Cruz,moto,144
"2017-11-01",Santa Cruz,moto,110
"2017-12-01",Santa Cruz,moto,88
"2018-01-01",Santa Cruz,moto,130
"2018-02-01",Santa Cruz,moto,91
"2018-03-01",Santa Cruz,moto,113
"2018-04-01",Santa Cruz,moto,73
"2018-05-01",Santa Cruz,moto,77
"2018-06-01",Santa Cruz,moto,42
"2018-07-01",Santa Cruz,moto,49
"2018-08-01",Santa Cruz,moto,61
"2018-09-01",Santa Cruz,moto,47
"2018-10-01",Santa Cruz,moto,67
"2018-11-01",Santa Cruz,moto,69
"2018-12-01",Santa Cruz,moto,45
"2019-01-01",Santa Cruz,moto,87
"2019-02-01",Santa Cruz,moto,58
"2019-03-01",Santa Cruz,moto,67
"2019-04-01",Santa Cruz,moto,51
"2019-05-01",Santa Cruz,moto,29
"2019-06-01",Santa Cruz,moto,22
"2019-07-01",Santa Cruz,moto,35
"2019-08-01",Santa Cruz,moto,42
"2019-09-01",Santa Cruz,moto,28
"2019-10-01",Santa Cruz,moto,34
"2019-11-01",Santa Cruz,moto,34
"2019-12-01",Santa Cruz,moto,40
"2020-01-01",Santa Cruz,moto,35
"2020-02-01",Santa Cruz,moto,34
"2020-03-01",Santa Cruz,moto,29
"2020-04-01",Santa Cruz,moto,5
"2020-05-01",Santa Cruz,moto,23
"2020-06-01",Santa Cruz,moto,33
"2020-07-01",Santa Cruz,moto,30
"2020-08-01",Santa Cruz,moto,31
"2020-09-01",Santa Cruz,moto,37
"2020-10-01",Santa Cruz,moto,38
"2020-11-01",Santa Cruz,moto,22
"2020-12-01",Santa Cruz,moto,54
"2021-01-01",Santa Cruz,moto,40
"2021-02-01",Santa Cruz,moto,24
"2021-03-01",Santa Cruz,moto,68
"2021-04-01",Santa Cruz,moto,31
"2021-05-01",Santa Cruz,moto,48
"2021-06-01",Santa Cruz,moto,30
"2021-07-01",Santa Cruz,moto,45
"2021-08-01",Santa Cruz,moto,67
"2021-09-01",Santa Cruz,moto,83
"2021-10-01",Santa Cruz,moto,71
"2021-11-01",Santa Cruz,moto,80
"2021-12-01",Santa Cruz,moto,81
"2022-01-01",Santa Cruz,moto,71
"2022-02-01",Santa Cruz,moto,79
"2022-03-01",Santa Cruz,moto,129
"2022-04-01",Santa Cruz,moto,100
"2022-05-01",Santa Cruz,moto,93
"2022-06-01",Santa Cruz,moto,72
"2022-07-01",Santa Cruz,moto,74
"2022-08-01",Santa Cruz,moto,74
"2022-09-01",Santa Cruz,moto,85
"2022-10-01",Santa Cruz,moto,87
"2022-11-01",Santa Cruz,moto,68
"2022-12-01",Santa Cruz,moto,78
"2023-01-01",Santa Cruz,moto,102
"2023-02-01",Santa Cruz,moto,76
"2023-03-01",Santa Cruz,moto,130
"2023-04-01",Santa Cruz,moto,140
"2023-05-01",Santa Cruz,moto,141
"2023-06-01",Santa Cruz,moto,105
"2023-07-01",Santa Cruz,moto,94
"2023-08-01",Santa Cruz,moto,143
"2023-09-01",Santa Cruz,moto,96
"2023-10-01",Santa Cruz,moto,134
"2023-11-01",Santa Cruz,moto,145
"2023-12-01",Santa Cruz,moto,117
"2024-01-01",Santa Cruz,moto,131
"2024-01-01",Santa Cruz,auto,362
"2024-02-01",Santa Cruz,moto,101
"2024-02-01",Santa Cruz,auto,186
"2024-03-01",Santa Cruz,moto,94
"2024-03-01",Santa Cruz,auto,252
"2024-04-01",Santa Cruz,moto,118
"2024-04-01",Santa Cruz,auto,356
"2024-05-01",Santa Cruz,auto,337
"2024-05-01",Santa Cruz,moto,101
"2024-06-01",Santa Cruz,moto,85
"2024-06-01",Santa Cruz,auto,319
"2024-07-01",Santa Cruz,auto,403
"2024-07-01",Santa Cruz,moto,146
"2024-08-01",Santa Cruz,moto,154
"2024-08-01",Santa Cruz,auto,442
"2024-09-01",Santa Cruz,moto,160
"2024-09-01",Santa Cruz,auto,519
"2014-01-01",Santa Fe,auto,9712
"2014-02-01",Santa Fe,auto,4677
"2014-03-01",Santa Fe,auto,3910
"2014-04-01",Santa Fe,auto,4222
"2014-05-01",Santa Fe,auto,4587
"2014-06-01",Santa Fe,auto,4429
"2014-07-01",Santa Fe,auto,5085
"2014-08-01",Santa Fe,auto,5057
"2014-09-01",Santa Fe,auto,5173
"2014-10-01",Santa Fe,auto,4627
"2014-11-01",Santa Fe,auto,3307
"2014-12-01",Santa Fe,auto,2343
"2015-01-01",Santa Fe,auto,5763
"2015-02-01",Santa Fe,auto,3699
"2015-03-01",Santa Fe,auto,4176
"2015-04-01",Santa Fe,auto,4248
"2015-05-01",Santa Fe,auto,3971
"2015-06-01",Santa Fe,auto,4856
"2015-07-01",Santa Fe,auto,5073
"2015-08-01",Santa Fe,auto,4910
"2015-09-01",Santa Fe,auto,5460
"2015-10-01",Santa Fe,auto,4787
"2015-11-01",Santa Fe,auto,4128
"2015-12-01",Santa Fe,auto,2489
"2016-01-01",Santa Fe,auto,4808
"2016-02-01",Santa Fe,auto,3917
"2016-03-01",Santa Fe,auto,4418
"2016-04-01",Santa Fe,auto,4868
"2016-05-01",Santa Fe,auto,4797
"2016-06-01",Santa Fe,auto,4593
"2016-07-01",Santa Fe,auto,4928
"2016-08-01",Santa Fe,auto,6106
"2016-09-01",Santa Fe,auto,5925
"2016-10-01",Santa Fe,auto,5049
"2016-11-01",Santa Fe,auto,4694
"2016-12-01",Santa Fe,auto,3033
"2017-01-01",Santa Fe,auto,8067
"2017-02-01",Santa Fe,auto,4917
"2017-03-01",Santa Fe,auto,6394
"2017-04-01",Santa Fe,auto,5494
"2017-05-01",Santa Fe,auto,6164
"2017-06-01",Santa Fe,auto,6584
"2017-07-01",Santa Fe,auto,6611
"2017-08-01",Santa Fe,auto,7376
"2017-09-01",Santa Fe,auto,6583
"2017-10-01",Santa Fe,auto,6301
"2017-11-01",Santa Fe,auto,5783
"2017-12-01",Santa Fe,auto,3925
"2018-01-01",Santa Fe,auto,10149
"2018-02-01",Santa Fe,auto,5813
"2018-03-01",Santa Fe,auto,7204
"2018-04-01",Santa Fe,auto,6256
"2018-05-01",Santa Fe,auto,6879
"2018-06-01",Santa Fe,auto,5261
"2018-07-01",Santa Fe,auto,5353
"2018-08-01",Santa Fe,auto,5202
"2018-09-01",Santa Fe,auto,4150
"2018-10-01",Santa Fe,auto,3714
"2018-11-01",Santa Fe,auto,2983
"2018-12-01",Santa Fe,auto,1885
"2019-01-01",Santa Fe,auto,5172
"2019-02-01",Santa Fe,auto,3278
"2019-03-01",Santa Fe,auto,3224
"2019-04-01",Santa Fe,auto,3193
"2019-05-01",Santa Fe,auto,3327
"2019-06-01",Santa Fe,auto,3302
"2019-07-01",Santa Fe,auto,4337
"2019-08-01",Santa Fe,auto,4299
"2019-09-01",Santa Fe,auto,3364
"2019-10-01",Santa Fe,auto,2975
"2019-11-01",Santa Fe,auto,2311
"2019-12-01",Santa Fe,auto,1898
"2020-01-01",Santa Fe,auto,4135
"2020-02-01",Santa Fe,auto,2503
"2020-03-01",Santa Fe,auto,1633
"2020-04-01",Santa Fe,auto,381
"2020-05-01",Santa Fe,auto,2307
"2020-06-01",Santa Fe,auto,4136
"2020-07-01",Santa Fe,auto,3526
"2020-08-01",Santa Fe,auto,3325
"2020-09-01",Santa Fe,auto,3380
"2020-10-01",Santa Fe,auto,3870
"2020-11-01",Santa Fe,auto,3512
"2020-12-01",Santa Fe,auto,1918
"2021-01-01",Santa Fe,auto,4830
"2021-02-01",Santa Fe,auto,2938
"2021-03-01",Santa Fe,auto,3399
"2021-04-01",Santa Fe,auto,3094
"2021-05-01",Santa Fe,auto,2212
"2021-06-01",Santa Fe,auto,3791
"2021-07-01",Santa Fe,auto,3312
"2021-08-01",Santa Fe,auto,3124
"2021-09-01",Santa Fe,auto,3070
"2021-10-01",Santa Fe,auto,2798
"2021-11-01",Santa Fe,auto,2833
"2021-12-01",Santa Fe,auto,1707
"2022-01-01",Santa Fe,auto,4399
"2022-02-01",Santa Fe,auto,2848
"2022-03-01",Santa Fe,auto,3443
"2022-04-01",Santa Fe,auto,2990
"2022-05-01",Santa Fe,auto,3615
"2022-06-01",Santa Fe,auto,3788
"2022-07-01",Santa Fe,auto,3889
"2022-08-01",Santa Fe,auto,3582
"2022-09-01",Santa Fe,auto,3351
"2022-10-01",Santa Fe,auto,3315
"2022-11-01",Santa Fe,auto,3208
"2022-12-01",Santa Fe,auto,1793
"2023-01-01",Santa Fe,auto,4615
"2023-02-01",Santa Fe,auto,2678
"2023-03-01",Santa Fe,auto,3486
"2023-04-01",Santa Fe,auto,2928
"2023-05-01",Santa Fe,auto,3696
"2023-06-01",Santa Fe,auto,3514
"2023-07-01",Santa Fe,auto,3959
"2023-08-01",Santa Fe,auto,3371
"2023-09-01",Santa Fe,auto,2802
"2023-10-01",Santa Fe,auto,3529
"2023-11-01",Santa Fe,auto,2958
"2023-12-01",Santa Fe,auto,1326
"2014-01-01",Santa Fe,moto,7169
"2014-02-01",Santa Fe,moto,3950
"2014-03-01",Santa Fe,moto,3031
"2014-04-01",Santa Fe,moto,3138
"2014-05-01",Santa Fe,moto,3296
"2014-06-01",Santa Fe,moto,2960
"2014-07-01",Santa Fe,moto,3801
"2014-08-01",Santa Fe,moto,4006
"2014-09-01",Santa Fe,moto,4513
"2014-10-01",Santa Fe,moto,4154
"2014-11-01",Santa Fe,moto,3122
"2014-12-01",Santa Fe,moto,2993
"2015-01-01",Santa Fe,moto,4142
"2015-02-01",Santa Fe,moto,3464
"2015-03-01",Santa Fe,moto,4036
"2015-04-01",Santa Fe,moto,3985
"2015-05-01",Santa Fe,moto,3290
"2015-06-01",Santa Fe,moto,3817
"2015-07-01",Santa Fe,moto,3876
"2015-08-01",Santa Fe,moto,3522
"2015-09-01",Santa Fe,moto,4164
"2015-10-01",Santa Fe,moto,4124
"2015-11-01",Santa Fe,moto,3785
"2015-12-01",Santa Fe,moto,3129
"2016-01-01",Santa Fe,moto,3726
"2016-02-01",Santa Fe,moto,3231
"2016-03-01",Santa Fe,moto,3664
"2016-04-01",Santa Fe,moto,3001
"2016-05-01",Santa Fe,moto,3109
"2016-06-01",Santa Fe,moto,2666
"2016-07-01",Santa Fe,moto,3094
"2016-08-01",Santa Fe,moto,3935
"2016-09-01",Santa Fe,moto,4273
"2016-10-01",Santa Fe,moto,4056
"2016-11-01",Santa Fe,moto,4183
"2016-12-01",Santa Fe,moto,4450
"2017-01-01",Santa Fe,moto,6402
"2017-02-01",Santa Fe,moto,4504
"2017-03-01",Santa Fe,moto,5862
"2017-04-01",Santa Fe,moto,4520
"2017-05-01",Santa Fe,moto,4778
"2017-06-01",Santa Fe,moto,4440
"2017-07-01",Santa Fe,moto,5276
"2017-08-01",Santa Fe,moto,5708
"2017-09-01",Santa Fe,moto,5959
"2017-10-01",Santa Fe,moto,6535
"2017-11-01",Santa Fe,moto,6183
"2017-12-01",Santa Fe,moto,5521
"2018-01-01",Santa Fe,moto,7955
"2018-02-01",Santa Fe,moto,5901
"2018-03-01",Santa Fe,moto,7081
"2018-04-01",Santa Fe,moto,6130
"2018-05-01",Santa Fe,moto,5393
"2018-06-01",Santa Fe,moto,3480
"2018-07-01",Santa Fe,moto,3952
"2018-08-01",Santa Fe,moto,4015
"2018-09-01",Santa Fe,moto,3623
"2018-10-01",Santa Fe,moto,3766
"2018-11-01",Santa Fe,moto,2988
"2018-12-01",Santa Fe,moto,2616
"2019-01-01",Santa Fe,moto,4851
"2019-02-01",Santa Fe,moto,3870
"2019-03-01",Santa Fe,moto,3495
"2019-04-01",Santa Fe,moto,3168
"2019-05-01",Santa Fe,moto,2858
"2019-06-01",Santa Fe,moto,2367
"2019-07-01",Santa Fe,moto,3715
"2019-08-01",Santa Fe,moto,3110
"2019-09-01",Santa Fe,moto,2326
"2019-10-01",Santa Fe,moto,2888
"2019-11-01",Santa Fe,moto,2036
"2019-12-01",Santa Fe,moto,1982
"2020-01-01",Santa Fe,moto,3249
"2020-02-01",Santa Fe,moto,2604
"2020-03-01",Santa Fe,moto,2416
"2020-04-01",Santa Fe,moto,514
"2020-05-01",Santa Fe,moto,2208
"2020-06-01",Santa Fe,moto,2952
"2020-07-01",Santa Fe,moto,3257
"2020-08-01",Santa Fe,moto,3321
"2020-09-01",Santa Fe,moto,3503
"2020-10-01",Santa Fe,moto,3601
"2020-11-01",Santa Fe,moto,2884
"2020-12-01",Santa Fe,moto,2582
"2021-01-01",Santa Fe,moto,3535
"2021-02-01",Santa Fe,moto,3038
"2021-03-01",Santa Fe,moto,4177
"2021-04-01",Santa Fe,moto,3834
"2021-05-01",Santa Fe,moto,2715
"2021-06-01",Santa Fe,moto,3971
"2021-07-01",Santa Fe,moto,4069
"2021-08-01",Santa Fe,moto,4468
"2021-09-01",Santa Fe,moto,4946
"2021-10-01",Santa Fe,moto,4474
"2021-11-01",Santa Fe,moto,4530
"2021-12-01",Santa Fe,moto,3874
"2022-01-01",Santa Fe,moto,4538
"2022-02-01",Santa Fe,moto,4430
"2022-03-01",Santa Fe,moto,5044
"2022-04-01",Santa Fe,moto,4634
"2022-05-01",Santa Fe,moto,4841
"2022-06-01",Santa Fe,moto,4248
"2022-07-01",Santa Fe,moto,4385
"2022-08-01",Santa Fe,moto,3972
"2022-09-01",Santa Fe,moto,3802
"2022-10-01",Santa Fe,moto,3539
"2022-11-01",Santa Fe,moto,3703
"2022-12-01",Santa Fe,moto,3154
"2023-01-01",Santa Fe,moto,4801
"2023-02-01",Santa Fe,moto,3998
"2023-03-01",Santa Fe,moto,4956
"2023-04-01",Santa Fe,moto,4137
"2023-05-01",Santa Fe,moto,4284
"2023-06-01",Santa Fe,moto,3290
"2023-07-01",Santa Fe,moto,3675
"2023-08-01",Santa Fe,moto,4554
"2023-09-01",Santa Fe,moto,3650
"2023-10-01",Santa Fe,moto,4802
"2023-11-01",Santa Fe,moto,4327
"2023-12-01",Santa Fe,moto,3636
"2024-01-01",Santa Fe,moto,3889
"2024-01-01",Santa Fe,auto,2517
"2024-02-01",Santa Fe,moto,3272
"2024-02-01",Santa Fe,auto,2175
"2024-03-01",Santa Fe,moto,3177
"2024-03-01",Santa Fe,auto,2217
"2024-04-01",Santa Fe,auto,2654
"2024-04-01",Santa Fe,moto,3850
"2024-05-01",Santa Fe,auto,3179
"2024-05-01",Santa Fe,moto,4139
"2024-06-01",Santa Fe,moto,3667
"2024-06-01",Santa Fe,auto,3142
"2024-07-01",Santa Fe,auto,4460
"2024-07-01",Santa Fe,moto,4252
"2024-08-01",Santa Fe,auto,3733
"2024-08-01",Santa Fe,moto,6245
"2024-09-01",Santa Fe,moto,4392
"2024-09-01",Santa Fe,auto,4100
"2014-01-01",Santiago Del Estero,auto,1386
"2014-02-01",Santiago Del Estero,auto,706
"2014-03-01",Santiago Del Estero,auto,528
"2014-04-01",Santiago Del Estero,auto,721
"2014-05-01",Santiago Del Estero,auto,587
"2014-06-01",Santiago Del Estero,auto,604
"2014-07-01",Santiago Del Estero,auto,700
"2014-08-01",Santiago Del Estero,auto,695
"2014-09-01",Santiago Del Estero,auto,676
"2014-10-01",Santiago Del Estero,auto,597
"2014-11-01",Santiago Del Estero,auto,437
"2014-12-01",Santiago Del Estero,auto,255
"2015-01-01",Santiago Del Estero,auto,911
"2015-02-01",Santiago Del Estero,auto,473
"2015-03-01",Santiago Del Estero,auto,576
"2015-04-01",Santiago Del Estero,auto,625
"2015-05-01",Santiago Del Estero,auto,563
"2015-06-01",Santiago Del Estero,auto,689
"2015-07-01",Santiago Del Estero,auto,737
"2015-08-01",Santiago Del Estero,auto,723
"2015-09-01",Santiago Del Estero,auto,859
"2015-10-01",Santiago Del Estero,auto,683
"2015-11-01",Santiago Del Estero,auto,556
"2015-12-01",Santiago Del Estero,auto,338
"2016-01-01",Santiago Del Estero,auto,830
"2016-02-01",Santiago Del Estero,auto,604
"2016-03-01",Santiago Del Estero,auto,735
"2016-04-01",Santiago Del Estero,auto,812
"2016-05-01",Santiago Del Estero,auto,797
"2016-06-01",Santiago Del Estero,auto,674
"2016-07-01",Santiago Del Estero,auto,766
"2016-08-01",Santiago Del Estero,auto,869
"2016-09-01",Santiago Del Estero,auto,907
"2016-10-01",Santiago Del Estero,auto,745
"2016-11-01",Santiago Del Estero,auto,648
"2016-12-01",Santiago Del Estero,auto,386
"2017-01-01",Santiago Del Estero,auto,1256
"2017-02-01",Santiago Del Estero,auto,769
"2017-03-01",Santiago Del Estero,auto,1056
"2017-04-01",Santiago Del Estero,auto,719
"2017-05-01",Santiago Del Estero,auto,1023
"2017-06-01",Santiago Del Estero,auto,1043
"2017-07-01",Santiago Del Estero,auto,1083
"2017-08-01",Santiago Del Estero,auto,1147
"2017-09-01",Santiago Del Estero,auto,1093
"2017-10-01",Santiago Del Estero,auto,1036
"2017-11-01",Santiago Del Estero,auto,948
"2017-12-01",Santiago Del Estero,auto,544
"2018-01-01",Santiago Del Estero,auto,1697
"2018-02-01",Santiago Del Estero,auto,919
"2018-03-01",Santiago Del Estero,auto,1120
"2018-04-01",Santiago Del Estero,auto,1044
"2018-05-01",Santiago Del Estero,auto,1191
"2018-06-01",Santiago Del Estero,auto,886
"2018-07-01",Santiago Del Estero,auto,882
"2018-08-01",Santiago Del Estero,auto,932
"2018-09-01",Santiago Del Estero,auto,668
"2018-10-01",Santiago Del Estero,auto,672
"2018-11-01",Santiago Del Estero,auto,511
"2018-12-01",Santiago Del Estero,auto,331
"2019-01-01",Santiago Del Estero,auto,835
"2019-02-01",Santiago Del Estero,auto,433
"2019-03-01",Santiago Del Estero,auto,438
"2019-04-01",Santiago Del Estero,auto,373
"2019-05-01",Santiago Del Estero,auto,459
"2019-06-01",Santiago Del Estero,auto,438
"2019-07-01",Santiago Del Estero,auto,581
"2019-08-01",Santiago Del Estero,auto,474
"2019-09-01",Santiago Del Estero,auto,403
"2019-10-01",Santiago Del Estero,auto,376
"2019-11-01",Santiago Del Estero,auto,252
"2019-12-01",Santiago Del Estero,auto,180
"2020-01-01",Santiago Del Estero,auto,566
"2020-02-01",Santiago Del Estero,auto,266
"2020-03-01",Santiago Del Estero,auto,184
"2020-04-01",Santiago Del Estero,auto,26
"2020-05-01",Santiago Del Estero,auto,215
"2020-06-01",Santiago Del Estero,auto,412
"2020-07-01",Santiago Del Estero,auto,410
"2020-08-01",Santiago Del Estero,auto,326
"2020-09-01",Santiago Del Estero,auto,358
"2020-10-01",Santiago Del Estero,auto,351
"2020-11-01",Santiago Del Estero,auto,346
"2020-12-01",Santiago Del Estero,auto,228
"2021-01-01",Santiago Del Estero,auto,524
"2021-02-01",Santiago Del Estero,auto,378
"2021-03-01",Santiago Del Estero,auto,424
"2021-04-01",Santiago Del Estero,auto,335
"2021-05-01",Santiago Del Estero,auto,211
"2021-06-01",Santiago Del Estero,auto,453
"2021-07-01",Santiago Del Estero,auto,351
"2021-08-01",Santiago Del Estero,auto,379
"2021-09-01",Santiago Del Estero,auto,379
"2021-10-01",Santiago Del Estero,auto,335
"2021-11-01",Santiago Del Estero,auto,328
"2021-12-01",Santiago Del Estero,auto,190
"2022-01-01",Santiago Del Estero,auto,529
"2022-02-01",Santiago Del Estero,auto,340
"2022-03-01",Santiago Del Estero,auto,392
"2022-04-01",Santiago Del Estero,auto,408
"2022-05-01",Santiago Del Estero,auto,478
"2022-06-01",Santiago Del Estero,auto,505
"2022-07-01",Santiago Del Estero,auto,464
"2022-08-01",Santiago Del Estero,auto,481
"2022-09-01",Santiago Del Estero,auto,435
"2022-10-01",Santiago Del Estero,auto,396
"2022-11-01",Santiago Del Estero,auto,351
"2022-12-01",Santiago Del Estero,auto,200
"2023-01-01",Santiago Del Estero,auto,696
"2023-02-01",Santiago Del Estero,auto,373
"2023-03-01",Santiago Del Estero,auto,498
"2023-04-01",Santiago Del Estero,auto,362
"2023-05-01",Santiago Del Estero,auto,470
"2023-06-01",Santiago Del Estero,auto,451
"2023-07-01",Santiago Del Estero,auto,465
"2023-08-01",Santiago Del Estero,auto,509
"2023-09-01",Santiago Del Estero,auto,436
"2023-10-01",Santiago Del Estero,auto,430
"2023-11-01",Santiago Del Estero,auto,360
"2023-12-01",Santiago Del Estero,auto,178
"2014-01-01",Santiago Del Estero,moto,1669
"2014-02-01",Santiago Del Estero,moto,1495
"2014-03-01",Santiago Del Estero,moto,1510
"2014-04-01",Santiago Del Estero,moto,2142
"2014-05-01",Santiago Del Estero,moto,1885
"2014-06-01",Santiago Del Estero,moto,1531
"2014-07-01",Santiago Del Estero,moto,1758
"2014-08-01",Santiago Del Estero,moto,1446
"2014-09-01",Santiago Del Estero,moto,1645
"2014-10-01",Santiago Del Estero,moto,1420
"2014-11-01",Santiago Del Estero,moto,1321
"2014-12-01",Santiago Del Estero,moto,980
"2015-01-01",Santiago Del Estero,moto,1541
"2015-02-01",Santiago Del Estero,moto,1202
"2015-03-01",Santiago Del Estero,moto,1320
"2015-04-01",Santiago Del Estero,moto,1568
"2015-05-01",Santiago Del Estero,moto,1622
"2015-06-01",Santiago Del Estero,moto,1577
"2015-07-01",Santiago Del Estero,moto,1474
"2015-08-01",Santiago Del Estero,moto,1376
"2015-09-01",Santiago Del Estero,moto,1704
"2015-10-01",Santiago Del Estero,moto,1645
"2015-11-01",Santiago Del Estero,moto,1313
"2015-12-01",Santiago Del Estero,moto,1465
"2016-01-01",Santiago Del Estero,moto,1336
"2016-02-01",Santiago Del Estero,moto,1226
"2016-03-01",Santiago Del Estero,moto,1442
"2016-04-01",Santiago Del Estero,moto,1529
"2016-05-01",Santiago Del Estero,moto,1487
"2016-06-01",Santiago Del Estero,moto,1106
"2016-07-01",Santiago Del Estero,moto,1134
"2016-08-01",Santiago Del Estero,moto,1459
"2016-09-01",Santiago Del Estero,moto,1501
"2016-10-01",Santiago Del Estero,moto,1322
"2016-11-01",Santiago Del Estero,moto,1506
"2016-12-01",Santiago Del Estero,moto,1600
"2017-01-01",Santiago Del Estero,moto,1836
"2017-02-01",Santiago Del Estero,moto,1243
"2017-03-01",Santiago Del Estero,moto,2101
"2017-04-01",Santiago Del Estero,moto,1767
"2017-05-01",Santiago Del Estero,moto,2323
"2017-06-01",Santiago Del Estero,moto,2130
"2017-07-01",Santiago Del Estero,moto,2125
"2017-08-01",Santiago Del Estero,moto,2334
"2017-09-01",Santiago Del Estero,moto,2715
"2017-10-01",Santiago Del Estero,moto,2897
"2017-11-01",Santiago Del Estero,moto,2633
"2017-12-01",Santiago Del Estero,moto,2528
"2018-01-01",Santiago Del Estero,moto,2944
"2018-02-01",Santiago Del Estero,moto,2644
"2018-03-01",Santiago Del Estero,moto,3000
"2018-04-01",Santiago Del Estero,moto,2678
"2018-05-01",Santiago Del Estero,moto,2961
"2018-06-01",Santiago Del Estero,moto,2154
"2018-07-01",Santiago Del Estero,moto,2053
"2018-08-01",Santiago Del Estero,moto,1924
"2018-09-01",Santiago Del Estero,moto,1696
"2018-10-01",Santiago Del Estero,moto,1680
"2018-11-01",Santiago Del Estero,moto,1304
"2018-12-01",Santiago Del Estero,moto,1354
"2019-01-01",Santiago Del Estero,moto,1697
"2019-02-01",Santiago Del Estero,moto,1648
"2019-03-01",Santiago Del Estero,moto,1401
"2019-04-01",Santiago Del Estero,moto,1700
"2019-05-01",Santiago Del Estero,moto,1625
"2019-06-01",Santiago Del Estero,moto,1240
"2019-07-01",Santiago Del Estero,moto,1248
"2019-08-01",Santiago Del Estero,moto,1135
"2019-09-01",Santiago Del Estero,moto,864
"2019-10-01",Santiago Del Estero,moto,947
"2019-11-01",Santiago Del Estero,moto,693
"2019-12-01",Santiago Del Estero,moto,672
"2020-01-01",Santiago Del Estero,moto,656
"2020-02-01",Santiago Del Estero,moto,613
"2020-03-01",Santiago Del Estero,moto,677
"2020-04-01",Santiago Del Estero,moto,17
"2020-05-01",Santiago Del Estero,moto,507
"2020-06-01",Santiago Del Estero,moto,749
"2020-07-01",Santiago Del Estero,moto,781
"2020-08-01",Santiago Del Estero,moto,818
"2020-09-01",Santiago Del Estero,moto,918
"2020-10-01",Santiago Del Estero,moto,802
"2020-11-01",Santiago Del Estero,moto,772
"2020-12-01",Santiago Del Estero,moto,710
"2021-01-01",Santiago Del Estero,moto,742
"2021-02-01",Santiago Del Estero,moto,669
"2021-03-01",Santiago Del Estero,moto,1145
"2021-04-01",Santiago Del Estero,moto,1145
"2021-05-01",Santiago Del Estero,moto,783
"2021-06-01",Santiago Del Estero,moto,1003
"2021-07-01",Santiago Del Estero,moto,1014
"2021-08-01",Santiago Del Estero,moto,1090
"2021-09-01",Santiago Del Estero,moto,1247
"2021-10-01",Santiago Del Estero,moto,972
"2021-11-01",Santiago Del Estero,moto,1418
"2021-12-01",Santiago Del Estero,moto,1523
"2022-01-01",Santiago Del Estero,moto,896
"2022-02-01",Santiago Del Estero,moto,1005
"2022-03-01",Santiago Del Estero,moto,1296
"2022-04-01",Santiago Del Estero,moto,1282
"2022-05-01",Santiago Del Estero,moto,1458
"2022-06-01",Santiago Del Estero,moto,1363
"2022-07-01",Santiago Del Estero,moto,1050
"2022-08-01",Santiago Del Estero,moto,1053
"2022-09-01",Santiago Del Estero,moto,1082
"2022-10-01",Santiago Del Estero,moto,913
"2022-11-01",Santiago Del Estero,moto,1071
"2022-12-01",Santiago Del Estero,moto,1114
"2023-01-01",Santiago Del Estero,moto,1136
"2023-02-01",Santiago Del Estero,moto,996
"2023-03-01",Santiago Del Estero,moto,1648
"2023-04-01",Santiago Del Estero,moto,1158
"2023-05-01",Santiago Del Estero,moto,1388
"2023-06-01",Santiago Del Estero,moto,1149
"2023-07-01",Santiago Del Estero,moto,1206
"2023-08-01",Santiago Del Estero,moto,1348
"2023-09-01",Santiago Del Estero,moto,892
"2023-10-01",Santiago Del Estero,moto,1078
"2023-11-01",Santiago Del Estero,moto,919
"2023-12-01",Santiago Del Estero,moto,1054
"2024-01-01",Santiago Del Estero,moto,722
"2024-01-01",Santiago Del Estero,auto,404
"2024-02-01",Santiago Del Estero,moto,587
"2024-02-01",Santiago Del Estero,auto,300
"2024-03-01",Santiago Del Estero,auto,299
"2024-03-01",Santiago Del Estero,moto,613
"2024-04-01",Santiago Del Estero,moto,958
"2024-04-01",Santiago Del Estero,auto,325
"2024-05-01",Santiago Del Estero,auto,353
"2024-05-01",Santiago Del Estero,moto,1152
"2024-06-01",Santiago Del Estero,moto,905
"2024-06-01",Santiago Del Estero,auto,307
"2024-07-01",Santiago Del Estero,moto,1151
"2024-07-01",Santiago Del Estero,auto,396
"2024-08-01",Santiago Del Estero,moto,1420
"2024-08-01",Santiago Del Estero,auto,433
"2024-09-01",Santiago Del Estero,moto,1098
"2024-09-01",Santiago Del Estero,auto,459
"2014-01-01",Tucuman,auto,2781
"2014-02-01",Tucuman,auto,1371
"2014-03-01",Tucuman,auto,1226
"2014-04-01",Tucuman,auto,1421
"2014-05-01",Tucuman,auto,1357
"2014-06-01",Tucuman,auto,1354
"2014-07-01",Tucuman,auto,1511
"2014-08-01",Tucuman,auto,1501
"2014-09-01",Tucuman,auto,1433
"2014-10-01",Tucuman,auto,1437
"2014-11-01",Tucuman,auto,1111
"2014-12-01",Tucuman,auto,680
"2015-01-01",Tucuman,auto,1853
"2015-02-01",Tucuman,auto,1135
"2015-03-01",Tucuman,auto,1304
"2015-04-01",Tucuman,auto,1455
"2015-05-01",Tucuman,auto,1349
"2015-06-01",Tucuman,auto,1747
"2015-07-01",Tucuman,auto,1808
"2015-08-01",Tucuman,auto,1554
"2015-09-01",Tucuman,auto,1794
"2015-10-01",Tucuman,auto,1761
"2015-11-01",Tucuman,auto,1558
"2015-12-01",Tucuman,auto,885
"2016-01-01",Tucuman,auto,1780
"2016-02-01",Tucuman,auto,1499
"2016-03-01",Tucuman,auto,1599
"2016-04-01",Tucuman,auto,1893
"2016-05-01",Tucuman,auto,1858
"2016-06-01",Tucuman,auto,1553
"2016-07-01",Tucuman,auto,1928
"2016-08-01",Tucuman,auto,2067
"2016-09-01",Tucuman,auto,1963
"2016-10-01",Tucuman,auto,1939
"2016-11-01",Tucuman,auto,1895
"2016-12-01",Tucuman,auto,979
"2017-01-01",Tucuman,auto,2878
"2017-02-01",Tucuman,auto,1660
"2017-03-01",Tucuman,auto,2559
"2017-04-01",Tucuman,auto,2125
"2017-05-01",Tucuman,auto,2623
"2017-06-01",Tucuman,auto,2528
"2017-07-01",Tucuman,auto,2775
"2017-08-01",Tucuman,auto,2890
"2017-09-01",Tucuman,auto,2505
"2017-10-01",Tucuman,auto,2761
"2017-11-01",Tucuman,auto,2340
"2017-12-01",Tucuman,auto,1497
"2018-01-01",Tucuman,auto,4092
"2018-02-01",Tucuman,auto,2395
"2018-03-01",Tucuman,auto,2859
"2018-04-01",Tucuman,auto,2785
"2018-05-01",Tucuman,auto,3115
"2018-06-01",Tucuman,auto,2418
"2018-07-01",Tucuman,auto,2412
"2018-08-01",Tucuman,auto,2316
"2018-09-01",Tucuman,auto,1755
"2018-10-01",Tucuman,auto,1619
"2018-11-01",Tucuman,auto,1346
"2018-12-01",Tucuman,auto,845
"2019-01-01",Tucuman,auto,1979
"2019-02-01",Tucuman,auto,1371
"2019-03-01",Tucuman,auto,1221
"2019-04-01",Tucuman,auto,1241
"2019-05-01",Tucuman,auto,1042
"2019-06-01",Tucuman,auto,1203
"2019-07-01",Tucuman,auto,1475
"2019-08-01",Tucuman,auto,1399
"2019-09-01",Tucuman,auto,1056
"2019-10-01",Tucuman,auto,1014
"2019-11-01",Tucuman,auto,793
"2019-12-01",Tucuman,auto,593
"2020-01-01",Tucuman,auto,1431
"2020-02-01",Tucuman,auto,794
"2020-03-01",Tucuman,auto,535
"2020-04-01",Tucuman,auto,157
"2020-05-01",Tucuman,auto,730
"2020-06-01",Tucuman,auto,1272
"2020-07-01",Tucuman,auto,1031
"2020-08-01",Tucuman,auto,1007
"2020-09-01",Tucuman,auto,1068
"2020-10-01",Tucuman,auto,1210
"2020-11-01",Tucuman,auto,1083
"2020-12-01",Tucuman,auto,661
"2021-01-01",Tucuman,auto,1737
"2021-02-01",Tucuman,auto,1034
"2021-03-01",Tucuman,auto,1289
"2021-04-01",Tucuman,auto,1074
"2021-05-01",Tucuman,auto,746
"2021-06-01",Tucuman,auto,1352
"2021-07-01",Tucuman,auto,1103
"2021-08-01",Tucuman,auto,1131
"2021-09-01",Tucuman,auto,1049
"2021-10-01",Tucuman,auto,864
"2021-11-01",Tucuman,auto,874
"2021-12-01",Tucuman,auto,468
"2022-01-01",Tucuman,auto,1303
"2022-02-01",Tucuman,auto,823
"2022-03-01",Tucuman,auto,1075
"2022-04-01",Tucuman,auto,1070
"2022-05-01",Tucuman,auto,1104
"2022-06-01",Tucuman,auto,1014
"2022-07-01",Tucuman,auto,1040
"2022-08-01",Tucuman,auto,1101
"2022-09-01",Tucuman,auto,963
"2022-10-01",Tucuman,auto,872
"2022-11-01",Tucuman,auto,887
"2022-12-01",Tucuman,auto,452
"2023-01-01",Tucuman,auto,1509
"2023-02-01",Tucuman,auto,842
"2023-03-01",Tucuman,auto,1085
"2023-04-01",Tucuman,auto,952
"2023-05-01",Tucuman,auto,1123
"2023-06-01",Tucuman,auto,1013
"2023-07-01",Tucuman,auto,1234
"2023-08-01",Tucuman,auto,1055
"2023-09-01",Tucuman,auto,800
"2023-10-01",Tucuman,auto,1251
"2023-11-01",Tucuman,auto,991
"2023-12-01",Tucuman,auto,566
"2014-01-01",Tucuman,moto,3616
"2014-02-01",Tucuman,moto,2348
"2014-03-01",Tucuman,moto,1665
"2014-04-01",Tucuman,moto,1875
"2014-05-01",Tucuman,moto,1829
"2014-06-01",Tucuman,moto,1651
"2014-07-01",Tucuman,moto,2230
"2014-08-01",Tucuman,moto,2360
"2014-09-01",Tucuman,moto,2307
"2014-10-01",Tucuman,moto,2517
"2014-11-01",Tucuman,moto,1504
"2014-12-01",Tucuman,moto,1431
"2015-01-01",Tucuman,moto,1677
"2015-02-01",Tucuman,moto,1694
"2015-03-01",Tucuman,moto,1651
"2015-04-01",Tucuman,moto,2102
"2015-05-01",Tucuman,moto,1686
"2015-06-01",Tucuman,moto,1812
"2015-07-01",Tucuman,moto,1644
"2015-08-01",Tucuman,moto,1803
"2015-09-01",Tucuman,moto,2084
"2015-10-01",Tucuman,moto,2278
"2015-11-01",Tucuman,moto,1905
"2015-12-01",Tucuman,moto,1612
"2016-01-01",Tucuman,moto,1872
"2016-02-01",Tucuman,moto,1631
"2016-03-01",Tucuman,moto,2110
"2016-04-01",Tucuman,moto,2086
"2016-05-01",Tucuman,moto,2139
"2016-06-01",Tucuman,moto,1580
"2016-07-01",Tucuman,moto,2100
"2016-08-01",Tucuman,moto,2578
"2016-09-01",Tucuman,moto,2747
"2016-10-01",Tucuman,moto,2707
"2016-11-01",Tucuman,moto,3240
"2016-12-01",Tucuman,moto,2911
"2017-01-01",Tucuman,moto,3540
"2017-02-01",Tucuman,moto,3001
"2017-03-01",Tucuman,moto,4048
"2017-04-01",Tucuman,moto,2930
"2017-05-01",Tucuman,moto,3388
"2017-06-01",Tucuman,moto,3075
"2017-07-01",Tucuman,moto,3330
"2017-08-01",Tucuman,moto,3623
"2017-09-01",Tucuman,moto,4130
"2017-10-01",Tucuman,moto,4819
"2017-11-01",Tucuman,moto,4291
"2017-12-01",Tucuman,moto,3668
"2018-01-01",Tucuman,moto,4838
"2018-02-01",Tucuman,moto,3492
"2018-03-01",Tucuman,moto,3996
"2018-04-01",Tucuman,moto,4149
"2018-05-01",Tucuman,moto,4401
"2018-06-01",Tucuman,moto,2661
"2018-07-01",Tucuman,moto,2498
"2018-08-01",Tucuman,moto,2590
"2018-09-01",Tucuman,moto,2070
"2018-10-01",Tucuman,moto,1939
"2018-11-01",Tucuman,moto,1738
"2018-12-01",Tucuman,moto,1287
"2019-01-01",Tucuman,moto,2277
"2019-02-01",Tucuman,moto,1526
"2019-03-01",Tucuman,moto,1487
"2019-04-01",Tucuman,moto,1533
"2019-05-01",Tucuman,moto,1610
"2019-06-01",Tucuman,moto,1296
"2019-07-01",Tucuman,moto,1615
"2019-08-01",Tucuman,moto,1628
"2019-09-01",Tucuman,moto,895
"2019-10-01",Tucuman,moto,1017
"2019-11-01",Tucuman,moto,861
"2019-12-01",Tucuman,moto,653
"2020-01-01",Tucuman,moto,1251
"2020-02-01",Tucuman,moto,1054
"2020-03-01",Tucuman,moto,971
"2020-04-01",Tucuman,moto,190
"2020-05-01",Tucuman,moto,793
"2020-06-01",Tucuman,moto,1327
"2020-07-01",Tucuman,moto,1321
"2020-08-01",Tucuman,moto,1240
"2020-09-01",Tucuman,moto,1420
"2020-10-01",Tucuman,moto,1402
"2020-11-01",Tucuman,moto,1172
"2020-12-01",Tucuman,moto,945
"2021-01-01",Tucuman,moto,1287
"2021-02-01",Tucuman,moto,1002
"2021-03-01",Tucuman,moto,1554
"2021-04-01",Tucuman,moto,1433
"2021-05-01",Tucuman,moto,1128
"2021-06-01",Tucuman,moto,1524
"2021-07-01",Tucuman,moto,1461
"2021-08-01",Tucuman,moto,1660
"2021-09-01",Tucuman,moto,1692
"2021-10-01",Tucuman,moto,1981
"2021-11-01",Tucuman,moto,2131
"2021-12-01",Tucuman,moto,1757
"2022-01-01",Tucuman,moto,1533
"2022-02-01",Tucuman,moto,1703
"2022-03-01",Tucuman,moto,2017
"2022-04-01",Tucuman,moto,1754
"2022-05-01",Tucuman,moto,1915
"2022-06-01",Tucuman,moto,2014
"2022-07-01",Tucuman,moto,1562
"2022-08-01",Tucuman,moto,1538
"2022-09-01",Tucuman,moto,1598
"2022-10-01",Tucuman,moto,1409
"2022-11-01",Tucuman,moto,1671
"2022-12-01",Tucuman,moto,1422
"2023-01-01",Tucuman,moto,1839
"2023-02-01",Tucuman,moto,1597
"2023-03-01",Tucuman,moto,2184
"2023-04-01",Tucuman,moto,2157
"2023-05-01",Tucuman,moto,2098
"2023-06-01",Tucuman,moto,1911
"2023-07-01",Tucuman,moto,1896
"2023-08-01",Tucuman,moto,1994
"2023-09-01",Tucuman,moto,1645
"2023-10-01",Tucuman,moto,2065
"2023-11-01",Tucuman,moto,1869
"2023-12-01",Tucuman,moto,1650
"2024-01-01",Tucuman,moto,1210
"2024-01-01",Tucuman,auto,848
"2024-02-01",Tucuman,moto,1464
"2024-02-01",Tucuman,auto,746
"2024-03-01",Tucuman,auto,737
"2024-03-01",Tucuman,moto,1373
"2024-04-01",Tucuman,moto,1972
"2024-04-01",Tucuman,auto,982
"2024-05-01",Tucuman,auto,994
"2024-05-01",Tucuman,moto,2264
"2024-06-01",Tucuman,auto,860
"2024-06-01",Tucuman,moto,2012
"2024-07-01",Tucuman,auto,1078
"2024-07-01",Tucuman,moto,2350
"2024-08-01",Tucuman,moto,2194
"2024-08-01",Tucuman,auto,993
"2024-09-01",Tucuman,auto,1116
"2024-09-01",Tucuman,moto,2222
"2014-01-01",Tierra Del Fuego,auto,819
"2014-02-01",Tierra Del Fuego,auto,651
"2014-03-01",Tierra Del Fuego,auto,564
"2014-04-01",Tierra Del Fuego,auto,650
"2014-05-01",Tierra Del Fuego,auto,589
"2014-06-01",Tierra Del Fuego,auto,485
"2014-07-01",Tierra Del Fuego,auto,614
"2014-08-01",Tierra Del Fuego,auto,608
"2014-09-01",Tierra Del Fuego,auto,806
"2014-10-01",Tierra Del Fuego,auto,753
"2014-11-01",Tierra Del Fuego,auto,568
"2014-12-01",Tierra Del Fuego,auto,503
"2015-01-01",Tierra Del Fuego,auto,628
"2015-02-01",Tierra Del Fuego,auto,519
"2015-03-01",Tierra Del Fuego,auto,667
"2015-04-01",Tierra Del Fuego,auto,587
"2015-05-01",Tierra Del Fuego,auto,612
"2015-06-01",Tierra Del Fuego,auto,623
"2015-07-01",Tierra Del Fuego,auto,703
"2015-08-01",Tierra Del Fuego,auto,755
"2015-09-01",Tierra Del Fuego,auto,850
"2015-10-01",Tierra Del Fuego,auto,816
"2015-11-01",Tierra Del Fuego,auto,717
"2015-12-01",Tierra Del Fuego,auto,405
"2016-01-01",Tierra Del Fuego,auto,585
"2016-02-01",Tierra Del Fuego,auto,484
"2016-03-01",Tierra Del Fuego,auto,651
"2016-04-01",Tierra Del Fuego,auto,647
"2016-05-01",Tierra Del Fuego,auto,686
"2016-06-01",Tierra Del Fuego,auto,618
"2016-07-01",Tierra Del Fuego,auto,733
"2016-08-01",Tierra Del Fuego,auto,931
"2016-09-01",Tierra Del Fuego,auto,850
"2016-10-01",Tierra Del Fuego,auto,763
"2016-11-01",Tierra Del Fuego,auto,784
"2016-12-01",Tierra Del Fuego,auto,588
"2017-01-01",Tierra Del Fuego,auto,804
"2017-02-01",Tierra Del Fuego,auto,647
"2017-03-01",Tierra Del Fuego,auto,796
"2017-04-01",Tierra Del Fuego,auto,766
"2017-05-01",Tierra Del Fuego,auto,804
"2017-06-01",Tierra Del Fuego,auto,825
"2017-07-01",Tierra Del Fuego,auto,797
"2017-08-01",Tierra Del Fuego,auto,948
"2017-09-01",Tierra Del Fuego,auto,987
"2017-10-01",Tierra Del Fuego,auto,917
"2017-11-01",Tierra Del Fuego,auto,886
"2017-12-01",Tierra Del Fuego,auto,754
"2018-01-01",Tierra Del Fuego,auto,1068
"2018-02-01",Tierra Del Fuego,auto,722
"2018-03-01",Tierra Del Fuego,auto,853
"2018-04-01",Tierra Del Fuego,auto,815
"2018-05-01",Tierra Del Fuego,auto,812
"2018-06-01",Tierra Del Fuego,auto,561
"2018-07-01",Tierra Del Fuego,auto,603
"2018-08-01",Tierra Del Fuego,auto,695
"2018-09-01",Tierra Del Fuego,auto,485
"2018-10-01",Tierra Del Fuego,auto,478
"2018-11-01",Tierra Del Fuego,auto,490
"2018-12-01",Tierra Del Fuego,auto,341
"2019-01-01",Tierra Del Fuego,auto,516
"2019-02-01",Tierra Del Fuego,auto,371
"2019-03-01",Tierra Del Fuego,auto,336
"2019-04-01",Tierra Del Fuego,auto,315
"2019-05-01",Tierra Del Fuego,auto,330
"2019-06-01",Tierra Del Fuego,auto,288
"2019-07-01",Tierra Del Fuego,auto,464
"2019-08-01",Tierra Del Fuego,auto,465
"2019-09-01",Tierra Del Fuego,auto,306
"2019-10-01",Tierra Del Fuego,auto,290
"2019-11-01",Tierra Del Fuego,auto,244
"2019-12-01",Tierra Del Fuego,auto,209
"2020-01-01",Tierra Del Fuego,auto,305
"2020-02-01",Tierra Del Fuego,auto,256
"2020-03-01",Tierra Del Fuego,auto,145
"2020-04-01",Tierra Del Fuego,auto,50
"2020-05-01",Tierra Del Fuego,auto,199
"2020-06-01",Tierra Del Fuego,auto,374
"2020-07-01",Tierra Del Fuego,auto,362
"2020-08-01",Tierra Del Fuego,auto,249
"2020-09-01",Tierra Del Fuego,auto,344
"2020-10-01",Tierra Del Fuego,auto,362
"2020-11-01",Tierra Del Fuego,auto,349
"2020-12-01",Tierra Del Fuego,auto,288
"2021-01-01",Tierra Del Fuego,auto,510
"2021-02-01",Tierra Del Fuego,auto,300
"2021-03-01",Tierra Del Fuego,auto,358
"2021-04-01",Tierra Del Fuego,auto,315
"2021-05-01",Tierra Del Fuego,auto,269
"2021-06-01",Tierra Del Fuego,auto,360
"2021-07-01",Tierra Del Fuego,auto,349
"2021-08-01",Tierra Del Fuego,auto,372
"2021-09-01",Tierra Del Fuego,auto,360
"2021-10-01",Tierra Del Fuego,auto,267
"2021-11-01",Tierra Del Fuego,auto,346
"2021-12-01",Tierra Del Fuego,auto,203
"2022-01-01",Tierra Del Fuego,auto,419
"2022-02-01",Tierra Del Fuego,auto,303
"2022-03-01",Tierra Del Fuego,auto,372
"2022-04-01",Tierra Del Fuego,auto,355
"2022-05-01",Tierra Del Fuego,auto,342
"2022-06-01",Tierra Del Fuego,auto,371
"2022-07-01",Tierra Del Fuego,auto,397
"2022-08-01",Tierra Del Fuego,auto,431
"2022-09-01",Tierra Del Fuego,auto,362
"2022-10-01",Tierra Del Fuego,auto,326
"2022-11-01",Tierra Del Fuego,auto,445
"2022-12-01",Tierra Del Fuego,auto,273
"2023-01-01",Tierra Del Fuego,auto,545
"2023-02-01",Tierra Del Fuego,auto,393
"2023-03-01",Tierra Del Fuego,auto,422
"2023-04-01",Tierra Del Fuego,auto,390
"2023-05-01",Tierra Del Fuego,auto,426
"2023-06-01",Tierra Del Fuego,auto,409
"2023-07-01",Tierra Del Fuego,auto,459
"2023-08-01",Tierra Del Fuego,auto,480
"2023-09-01",Tierra Del Fuego,auto,390
"2023-10-01",Tierra Del Fuego,auto,436
"2023-11-01",Tierra Del Fuego,auto,481
"2023-12-01",Tierra Del Fuego,auto,226
"2014-01-01",Tierra Del Fuego,moto,115
"2014-02-01",Tierra Del Fuego,moto,55
"2014-03-01",Tierra Del Fuego,moto,56
"2014-04-01",Tierra Del Fuego,moto,42
"2014-05-01",Tierra Del Fuego,moto,55
"2014-06-01",Tierra Del Fuego,moto,32
"2014-07-01",Tierra Del Fuego,moto,29
"2014-08-01",Tierra Del Fuego,moto,35
"2014-09-01",Tierra Del Fuego,moto,42
"2014-10-01",Tierra Del Fuego,moto,60
"2014-11-01",Tierra Del Fuego,moto,75
"2014-12-01",Tierra Del Fuego,moto,67
"2015-01-01",Tierra Del Fuego,moto,70
"2015-02-01",Tierra Del Fuego,moto,49
"2015-03-01",Tierra Del Fuego,moto,70
"2015-04-01",Tierra Del Fuego,moto,54
"2015-05-01",Tierra Del Fuego,moto,36
"2015-06-01",Tierra Del Fuego,moto,27
"2015-07-01",Tierra Del Fuego,moto,49
"2015-08-01",Tierra Del Fuego,moto,33
"2015-09-01",Tierra Del Fuego,moto,60
"2015-10-01",Tierra Del Fuego,moto,90
"2015-11-01",Tierra Del Fuego,moto,76
"2015-12-01",Tierra Del Fuego,moto,67
"2016-01-01",Tierra Del Fuego,moto,67
"2016-02-01",Tierra Del Fuego,moto,52
"2016-03-01",Tierra Del Fuego,moto,53
"2016-04-01",Tierra Del Fuego,moto,48
"2016-05-01",Tierra Del Fuego,moto,38
"2016-06-01",Tierra Del Fuego,moto,25
"2016-07-01",Tierra Del Fuego,moto,29
"2016-08-01",Tierra Del Fuego,moto,51
"2016-09-01",Tierra Del Fuego,moto,93
"2016-10-01",Tierra Del Fuego,moto,99
"2016-11-01",Tierra Del Fuego,moto,114
"2016-12-01",Tierra Del Fuego,moto,85
"2017-01-01",Tierra Del Fuego,moto,82
"2017-02-01",Tierra Del Fuego,moto,43
"2017-03-01",Tierra Del Fuego,moto,73
"2017-04-01",Tierra Del Fuego,moto,71
"2017-05-01",Tierra Del Fuego,moto,61
"2017-06-01",Tierra Del Fuego,moto,39
"2017-07-01",Tierra Del Fuego,moto,45
"2017-08-01",Tierra Del Fuego,moto,64
"2017-09-01",Tierra Del Fuego,moto,56
"2017-10-01",Tierra Del Fuego,moto,64
"2017-11-01",Tierra Del Fuego,moto,82
"2017-12-01",Tierra Del Fuego,moto,84
"2018-01-01",Tierra Del Fuego,moto,79
"2018-02-01",Tierra Del Fuego,moto,90
"2018-03-01",Tierra Del Fuego,moto,48
"2018-04-01",Tierra Del Fuego,moto,41
"2018-05-01",Tierra Del Fuego,moto,54
"2018-06-01",Tierra Del Fuego,moto,33
"2018-07-01",Tierra Del Fuego,moto,16
"2018-08-01",Tierra Del Fuego,moto,37
"2018-09-01",Tierra Del Fuego,moto,37
"2018-10-01",Tierra Del Fuego,moto,44
"2018-11-01",Tierra Del Fuego,moto,42
"2018-12-01",Tierra Del Fuego,moto,35
"2019-01-01",Tierra Del Fuego,moto,49
"2019-02-01",Tierra Del Fuego,moto,37
"2019-03-01",Tierra Del Fuego,moto,23
"2019-04-01",Tierra Del Fuego,moto,33
"2019-05-01",Tierra Del Fuego,moto,13
"2019-06-01",Tierra Del Fuego,moto,19
"2019-07-01",Tierra Del Fuego,moto,17
"2019-08-01",Tierra Del Fuego,moto,30
"2019-09-01",Tierra Del Fuego,moto,37
"2019-10-01",Tierra Del Fuego,moto,42
"2019-11-01",Tierra Del Fuego,moto,28
"2019-12-01",Tierra Del Fuego,moto,21
"2020-01-01",Tierra Del Fuego,moto,26
"2020-02-01",Tierra Del Fuego,moto,20
"2020-03-01",Tierra Del Fuego,moto,13
"2020-04-01",Tierra Del Fuego,moto,1
"2020-05-01",Tierra Del Fuego,moto,14
"2020-06-01",Tierra Del Fuego,moto,26
"2020-07-01",Tierra Del Fuego,moto,17
"2020-08-01",Tierra Del Fuego,moto,17
"2020-09-01",Tierra Del Fuego,moto,26
"2020-10-01",Tierra Del Fuego,moto,41
"2020-11-01",Tierra Del Fuego,moto,33
"2020-12-01",Tierra Del Fuego,moto,25
"2021-01-01",Tierra Del Fuego,moto,34
"2021-02-01",Tierra Del Fuego,moto,34
"2021-03-01",Tierra Del Fuego,moto,38
"2021-04-01",Tierra Del Fuego,moto,24
"2021-05-01",Tierra Del Fuego,moto,14
"2021-06-01",Tierra Del Fuego,moto,33
"2021-07-01",Tierra Del Fuego,moto,34
"2021-08-01",Tierra Del Fuego,moto,29
"2021-09-01",Tierra Del Fuego,moto,56
"2021-10-01",Tierra Del Fuego,moto,42
"2021-11-01",Tierra Del Fuego,moto,52
"2021-12-01",Tierra Del Fuego,moto,62
"2022-01-01",Tierra Del Fuego,moto,53
"2022-02-01",Tierra Del Fuego,moto,61
"2022-03-01",Tierra Del Fuego,moto,75
"2022-04-01",Tierra Del Fuego,moto,47
"2022-05-01",Tierra Del Fuego,moto,42
"2022-06-01",Tierra Del Fuego,moto,40
"2022-07-01",Tierra Del Fuego,moto,40
"2022-08-01",Tierra Del Fuego,moto,45
"2022-09-01",Tierra Del Fuego,moto,54
"2022-10-01",Tierra Del Fuego,moto,41
"2022-11-01",Tierra Del Fuego,moto,78
"2022-12-01",Tierra Del Fuego,moto,49
"2023-01-01",Tierra Del Fuego,moto,61
"2023-02-01",Tierra Del Fuego,moto,54
"2023-03-01",Tierra Del Fuego,moto,66
"2023-04-01",Tierra Del Fuego,moto,50
"2023-05-01",Tierra Del Fuego,moto,65
"2023-06-01",Tierra Del Fuego,moto,31
"2023-07-01",Tierra Del Fuego,moto,47
"2023-08-01",Tierra Del Fuego,moto,75
"2023-09-01",Tierra Del Fuego,moto,84
"2023-10-01",Tierra Del Fuego,moto,84
"2023-11-01",Tierra Del Fuego,moto,115
"2023-12-01",Tierra Del Fuego,moto,84
"2024-01-01",Tierra Del Fuego,moto,82
"2024-01-01",Tierra Del Fuego,auto,312
"2024-02-01",Tierra Del Fuego,moto,60
"2024-02-01",Tierra Del Fuego,auto,290
"2024-03-01",Tierra Del Fuego,moto,53
"2024-03-01",Tierra Del Fuego,auto,301
"2024-04-01",Tierra Del Fuego,auto,335
"2024-04-01",Tierra Del Fuego,moto,42
"2024-05-01",Tierra Del Fuego,moto,40
"2024-05-01",Tierra Del Fuego,auto,437
"2024-06-01",Tierra Del Fuego,auto,369
"2024-06-01",Tierra Del Fuego,moto,35
"2024-07-01",Tierra Del Fuego,auto,471
"2024-07-01",Tierra Del Fuego,moto,38
"2024-08-01",Tierra Del Fuego,moto,89
"2024-08-01",Tierra Del Fuego,auto,403
"2024-09-01",Tierra Del Fuego,auto,451
"2024-09-01",Tierra Del Fuego,moto,84
